id,reach,impressions,results,amount,frequency,clicks,cpc,ctr,cpreach,cpm,engagement,cpr
1,1538,1554,2,227.37,1.010403,14,16.240714,0.900901,147.83485,146.312741,12,113.685
2,4056,4208,3,576.8,1.037475,55,10.487273,1.307034,142.209073,137.072243,55,192.26666666667
3,1118,1127,1,145.11,1.00805,28,5.1825,2.484472,129.794275,128.757764,11,145.11
4,3904,4061,5,577.59,1.040215,53,10.897925,1.305097,147.948258,142.228515,41,115.518
5,5128,5407,0,594.39,1.054407,146,4.071164,2.700203,115.910686,109.929721,64,0
6,1877,1917,0,453.62,1.021311,80,5.67025,4.173187,241.672882,236.630151,41,0
7,1215,1254,0,396.36,1.032099,23,17.233043,1.834131,326.222222,316.076555,11,0
8,1839,1915,0,524.23,1.041327,44,11.914318,2.29765,285.062534,273.749347,307,0
9,4284,4346,1,569.79,1.014472,117,4.87,2.692131,133.004202,131.106765,42,569.79
10,3568,3631,3,947.7,1.017657,155,6.114194,4.268796,265.610987,261.002479,66,315.9
11,2947,3022,3,735.9,1.02545,73,10.080822,2.415619,249.711571,243.514229,33,245.3
12,2032,2070,1,499.91,1.018701,69,7.245072,3.333333,246.018701,241.502415,363,499.91
13,2658,2792,1,976.06,1.050414,151,6.463974,5.408309,367.215952,349.591691,74,976.06
14,2550,2717,2,852.1,1.06549,65,13.109231,2.392345,334.156863,313.617961,26,426.05
15,1419,1476,2,479.08,1.040169,45,10.646222,3.04878,337.618041,324.579946,239,239.54
16,5664,5796,2,569.63,1.023305,167,3.410958,2.881297,100.570268,98.279848,51,284.815
17,3837,3996,3,1047.55,1.041439,128,8.183984,3.203203,273.01277,262.14965,62,349.18333333333
18,2395,2504,4,814.43,1.045511,77,10.577013,3.07508,340.05428,325.251597,31,203.6075
19,1676,1717,2,491.39,1.024463,45,10.919778,2.62085,293.192124,286.191031,268,245.695
20,5120,5480,1,557.27,1.070313,199,2.800352,3.631387,108.841797,101.691606,49,557.27
21,4775,5006,1,1078.08,1.048377,149,7.235436,2.976428,225.775916,215.357571,91,1078.08
22,2791,2954,7,801.9,1.058402,77,10.414286,2.606635,287.316374,271.462424,34,114.55714285714
23,1660,1725,2,556.71,1.039157,34,16.373824,1.971014,335.36747,322.730435,225,278.355
24,4505,4938,1,622.69,1.096115,163,3.820184,3.300932,138.221976,126.101661,45,622.69
25,5192,5552,3,1081.17,1.069337,208,5.197933,3.746398,208.237673,194.735231,105,360.39
26,3024,3216,1,838.82,1.063492,96,8.737708,2.985075,277.387566,260.827114,41,838.82
27,4695,4964,3,1080.4,1.057295,208,5.194231,4.190169,230.117146,217.647059,111,360.13333333333
28,1899,2012,3,913.27,1.059505,69,13.235797,3.429423,480.921538,453.911531,27,304.42333333333
29,1112,1164,1,512.28,1.046763,41,12.494634,3.522337,460.683453,440.103093,205,512.28
30,7174,7274,11,1042.94,1.013939,197,5.294112,2.708276,145.377753,143.379159,145,94.812727272727
31,5056,5232,4,847.47,1.03481,118,7.181949,2.255352,167.616693,161.978211,50,211.8675
32,2521,2606,2,566.86,1.033717,69,8.215362,2.647736,224.855216,217.521105,450,283.43
33,4010,4172,6,655.79,1.040399,149,4.401275,3.571429,163.538653,157.188399,71,109.29833333333
34,1498,1586,3,526.77,1.058745,59,8.928305,3.72005,351.648865,332.137453,21,175.59
35,8268,8453,10,1013.85,1.022375,187,5.421658,2.212232,122.623367,119.939666,189,101.385
36,2519,2686,2,857.31,1.066296,85,10.086,3.164557,340.337435,319.177215,43,428.655
37,1822,1918,3,523.16,1.052689,50,10.4632,2.606882,287.135016,272.763295,317,174.38666666667
38,8262,8604,7,996.19,1.041394,183,5.443661,2.126918,120.574921,115.782194,196,142.31285714286
39,3562,3698,3,796.37,1.038181,60,13.272833,1.622499,223.573835,215.351541,29,265.45666666667
40,1701,1772,4,480.94,1.04174,70,6.870571,3.950339,282.739565,271.410835,287,120.235
41,6942,7185,3,967.67,1.035004,207,4.674734,2.881002,139.393547,134.679193,162,322.55666666667
42,3156,3369,2,766.42,1.06749,91,8.422198,2.701098,242.845374,227.491837,32,383.21
43,6004,6258,6,1011.36,1.042305,205,4.933463,3.275807,168.447702,161.610738,127,168.56
44,2038,2128,2,766.92,1.044161,65,11.798769,3.054511,376.310108,360.394737,35,383.46
45,1905,2007,2,496.95,1.053543,64,7.764844,3.188839,260.866142,247.608371,288,248.475
46,5586,5756,9,1014.78,1.030433,113,8.980354,1.963169,181.664876,176.299514,126,112.75333333333
47,2689,2867,2,856.68,1.066196,83,10.321446,2.895012,318.586835,298.807115,33,428.34
48,1959,2070,2,482.37,1.056662,68,7.093676,3.285024,246.232772,233.028986,330,241.185
49,8422,8794,2,991.69,1.04417,150,6.611267,1.705708,117.749941,112.768933,204,495.845
50,4823,5143,4,798.21,1.066349,94,8.491596,1.827727,165.500726,155.203189,46,199.5525
51,1989,2095,1,517.93,1.053293,82,6.31622,3.914081,260.397185,247.221957,390,517.93
52,7764,8038,4,1005.48,1.035291,206,4.880971,2.562827,129.50541,125.090819,158,251.37
53,3696,3909,8,823.19,1.05763,106,7.765943,2.711691,222.724567,210.588386,51,102.89875
54,2141,2232,1,523.78,1.042504,63,8.313968,2.822581,244.64269,234.668459,393,523.78
55,7062,7131,9,1012.83,1.009771,167,6.06485,2.341888,143.419711,142.031973,158,112.53666666667
56,2284,2476,8,792.17,1.084063,93,8.517957,3.756058,346.834501,319.939418,42,99.02125
57,1734,1857,2,494.71,1.070934,66,7.495606,3.55412,285.299885,266.4028,345,247.355
58,5032,5403,8,963.74,1.073728,192,5.019479,3.553581,191.522258,178.371275,128,120.4675
59,2004,2107,4,760.17,1.051397,56,13.574464,2.657807,379.326347,360.783104,26,190.0425
60,1333,1394,1,487.46,1.045761,35,13.927429,2.51076,365.686422,349.684362,238,487.46
61,2424,2478,4,248.41,1.022277,109,2.278991,4.398709,102.479373,100.246166,31,62.1025
62,5246,5677,1,973.74,1.082158,192,5.071563,3.382068,185.615707,171.523692,113,973.74
63,2477,2666,3,802.24,1.076302,69,11.626667,2.588147,323.875656,300.915229,33,267.41333333333
64,855,903,2,491.88,1.05614,50,9.8376,5.537099,575.298246,544.717608,212,245.94
65,305,308,3,28.49,1.009836,32,0.890313,10.38961,93.409836,92.5,9,9.4966666666667
66,1501,1598,3,360.53,1.064624,78,4.622179,4.881101,240.193205,225.613267,24,120.17666666667
67,7482,8282,19,814.75,1.106923,414,1.967995,4.998793,108.894681,98.375996,136,42.881578947368
68,6518,6669,4,992.15,1.023167,118,8.408051,1.769381,152.216938,148.77043,89,248.0375
69,3174,3395,3,827.13,1.069628,80,10.339125,2.356406,260.595463,243.631811,43,275.71
70,1055,1135,1,498.31,1.075829,34,14.656176,2.995595,472.331754,439.039648,225,498.31
71,467,474,1,26.3,1.014989,33,0.79697,6.962025,56.316916,55.485232,15,26.3
72,8876,10038,14,766.77,1.130915,550,1.394127,5.479179,86.386886,76.38673,189,54.769285714286
73,6238,6429,5,976.79,1.030619,141,6.927589,2.193187,156.587047,151.934982,117,195.358
74,2416,2537,10,796.01,1.050083,74,10.756892,2.916831,329.474338,313.760347,45,79.601
75,1169,1248,3,501.17,1.067579,42,11.932619,3.365385,428.716852,401.578526,258,167.05666666667
76,1375,1461,7,82.21,1.062545,123,0.668374,8.418891,59.789091,56.269678,42,11.744285714286
77,1509,1602,2,484.03,1.06163,72,6.722639,4.494382,320.762094,302.141074,28,242.015
78,8814,9934,20,800.01,1.127071,668,1.19762,6.724381,90.765827,80.532515,207,40.0005
79,4981,5156,3,895.27,1.035134,123,7.278618,2.38557,179.737001,173.63654,74,298.42333333333
80,2048,2220,3,786.17,1.083984,78,10.079103,3.513514,383.87207,354.130631,29,262.05666666667
81,996,1074,2,497.03,1.078313,50,9.9406,4.655493,499.026104,462.783985,249,248.515
82,1307,1423,18,83.18,1.088753,157,0.529809,11.033029,63.641928,58.45397,52,4.6211111111111
83,8400,9844,34,775.39,1.171905,779,0.995366,7.91345,92.308333,78.767777,248,22.805588235294
84,4547,4638,6,804.73,1.020013,95,8.470842,2.048297,176.980427,173.507978,72,134.12166666667
85,2684,2884,2,813.85,1.074516,97,8.390206,3.363384,303.222802,282.194868,36,406.925
86,1212,1339,2,504.32,1.104785,65,7.758769,4.854369,416.105611,376.639283,280,252.16
87,1412,1532,7,85.06,1.084986,139,0.611942,9.073107,60.240793,55.522193,43,12.151428571429
88,1773,1923,4,508.61,1.084602,94,5.410745,4.888196,286.864072,264.48778,23,127.1525
89,8598,10103,31,820.94,1.175041,1002,0.819301,9.917846,95.480344,81.257052,307,26.481935483871
90,3911,4011,1,828.34,1.025569,71,11.666761,1.770132,211.797494,206.517078,69,828.34
91,2647,2921,6,814.41,1.103513,89,9.150674,3.046902,307.672837,278.812051,41,135.735
92,1138,1233,3,519.57,1.08348,49,10.603469,3.974047,456.564148,421.386861,230,173.19
93,1447,1573,11,95.57,1.087077,136,0.702721,8.6459,66.046994,60.756516,43,8.6881818181818
94,1190,1249,1,518.85,1.04958,41,12.654878,3.282626,436.008403,415.41233,12,518.85
95,6836,9114,57,840.19,1.333236,1258,0.667878,13.802941,122.906671,92.186746,391,14.740175438596
96,4159,4286,3,810.41,1.030536,88,9.209205,2.053196,194.856937,189.083061,58,270.13666666667
97,2870,3087,5,803.49,1.07561,105,7.652286,3.401361,279.961672,260.281827,36,160.698
98,1115,1180,3,414.45,1.058296,47,8.818085,3.983051,371.704036,351.228814,249,138.15
99,1272,1382,15,96.88,1.086478,161,0.601739,11.649783,76.163522,70.101302,52,6.4586666666667
100,1748,1897,1,493.53,1.08524,85,5.806235,4.480759,282.339817,260.163416,20,493.53
101,7704,8517,7,745.09,1.10553,251,2.968486,2.947047,96.714694,87.482682,68,106.44142857143
102,3629,3718,3,788.44,1.024525,89,8.858876,2.39376,217.260953,212.060247,56,262.81333333333
103,1909,2063,4,813.78,1.080671,74,10.997027,3.587009,426.286014,394.464372,40,203.445
104,840,906,1,557.15,1.078571,31,17.972581,3.421634,663.27381,614.95585,158,557.15
105,1364,1422,18,98.66,1.042522,182,0.542088,12.798875,72.331378,69.381153,57,5.4811111111111
106,1637,1759,1,481.94,1.074527,75,6.425867,4.263786,294.404398,273.985219,21,481.94
107,8562,9843,5,792.24,1.149615,267,2.967191,2.712588,92.529783,80.487656,63,158.448
108,3368,3479,2,799.53,1.032957,79,10.120633,2.270767,237.390143,229.816039,59,399.765
109,2134,2312,1,768.82,1.083411,61,12.603607,2.638408,360.27179,332.534602,26,768.82
110,607,638,7,39.9,1.051071,74,0.539189,11.598746,65.733114,62.539185,27,5.7
111,1948,2142,1,492.42,1.099589,78,6.313077,3.641457,252.782341,229.887955,14,492.42
112,9046,10755,7,799.82,1.188923,282,2.836241,2.622036,88.41698,74.367271,68,114.26
113,4129,4247,5,793,1.028578,97,8.175258,2.283965,192.056188,186.720038,83,158.6
114,2510,2774,4,777.67,1.105179,85,9.149059,3.064167,309.828685,280.342466,42,194.4175
115,1068,1157,1,523.08,1.083333,45,11.624,3.889369,489.775281,452.100259,203,523.08
116,1024,1153,12,87.76,1.125977,140,0.626857,12.142238,85.703125,76.114484,49,7.3133333333333
117,2064,2227,4,489.65,1.078973,87,5.628161,3.906601,237.233527,219.86978,18,122.4125
118,7495,8544,14,815.66,1.13996,238,3.427143,2.785581,108.827218,95.465824,62,58.261428571429
119,5030,5109,5,804.45,1.015706,66,12.188636,1.291838,159.930418,157.457428,103,160.89
120,2425,2608,6,829.14,1.075464,95,8.727789,3.642638,341.913402,317.921779,35,138.19
121,1597,1669,1,531.15,1.045085,39,13.619231,2.336729,332.592361,318.244458,291,531.15
122,60,60,1,4.59,1,6,0.765,10,76.5,76.5,1,4.59
123,1566,1711,3,502.89,1.092593,94,5.349894,5.493863,321.130268,293.915839,22,167.63
124,6238,7929,12,804.43,1.27108,254,3.167047,3.20343,128.956396,101.454156,63,67.035833333333
125,3368,3452,5,800.37,1.024941,59,13.565593,1.709154,237.639549,231.856895,59,160.074
126,1903,1986,2,804.76,1.043615,35,22.993143,1.762336,422.890173,405.216516,23,402.38
127,1032,1131,2,487.34,1.09593,31,15.720645,2.740937,472.228682,430.893015,214,243.67
128,2707,2968,4,520.24,1.096417,116,4.484828,3.908356,192.183229,175.283019,23,130.06
129,8002,9809,11,802.57,1.225819,307,2.614235,3.129779,100.296176,81.819757,85,72.960909090909
130,4486,4612,6,803.8,1.028087,89,9.031461,1.929748,179.17967,174.284475,77,133.96666666667
131,2481,2589,2,802.34,1.043531,56,14.3275,2.162997,323.393793,309.903438,29,401.17
132,1721,1909,3,513.5,1.109239,63,8.150794,3.300157,298.373039,268.988999,321,171.16666666667
133,1950,2069,2,449.96,1.061026,82,5.487317,3.963267,230.748718,217.477042,22,224.98
134,8980,11020,15,790.75,1.227171,366,2.160519,3.321234,88.056793,71.755898,85,52.716666666667
135,1745,1808,1,137.05,1.036103,34,4.030882,1.880531,78.538682,75.801991,14,137.05
136,4928,5144,5,789.56,1.043831,91,8.676484,1.769051,160.219156,153.491446,91,157.912
137,2319,2386,1,729.02,1.028892,67,10.880896,2.808047,314.368262,305.540654,34,729.02
138,1913,2037,3,588.15,1.06482,59,9.968644,2.896416,307.449033,288.733432,319,196.05
139,2029,2234,2,413.64,1.101035,85,4.866353,3.804834,203.863972,185.15667,19,206.82
140,8064,10232,15,803.26,1.268849,413,1.944939,4.036357,99.610615,78.504691,90,53.550666666667
141,3169,3572,7,303.28,1.127169,99,3.063434,2.771557,95.702114,84.904815,38,43.325714285714
142,4008,4100,5,796.37,1.022954,110,7.239727,2.682927,198.69511,194.236585,83,159.274
143,2226,2310,1,827.29,1.037736,48,17.235208,2.077922,371.648697,358.134199,23,827.29
144,8554,10055,28,822.28,1.175473,513,1.602885,5.101939,96.128127,81.77822,137,29.367142857143
145,3600,3962,7,298.1,1.100556,80,3.72625,2.019182,82.805556,75.239778,23,42.585714285714
146,6768,6908,4,779.14,1.020686,151,5.159868,2.185871,115.121158,112.788072,112,194.785
147,5068,5369,4,765.54,1.059392,83,9.223373,1.545912,151.05367,142.585211,55,191.385
148,4782,6141,5,815.5,1.284191,136,5.996324,2.214623,170.535341,132.795962,44,163.1
149,3574,3937,7,301.98,1.101567,81,3.728148,2.057404,84.493565,76.703073,21,43.14
150,6000,6241,4,817.55,1.040167,116,7.047845,1.858676,136.258333,130.996635,115,204.3875
151,2574,2700,4,820.25,1.048951,65,12.619231,2.407407,318.667444,303.796296,40,205.0625
152,5126,6817,3,803.69,1.329887,145,5.54269,2.127035,156.786968,117.894968,42,267.89666666667
153,3809,4316,9,304.26,1.133106,117,2.600513,2.710843,79.879233,70.495829,44,33.806666666667
154,5874,6082,4,802.7,1.03541,157,5.112739,2.581388,136.653047,131.979612,87,200.675
155,3574,3753,3,826.52,1.050084,96,8.609583,2.557954,231.259093,220.22915,41,275.50666666667
156,5540,7571,6,778.54,1.366606,204,3.816373,2.694492,140.530686,102.831858,55,129.75666666667
157,7882,8146,6,804.01,1.033494,212,3.7925,2.602504,102.005836,98.699975,64,134.00166666667
158,4117,4669,5,298.26,1.134078,133,2.242556,2.848576,72.445956,63.880917,43,59.652
159,6058,6396,5,804.87,1.055794,166,4.848614,2.595372,132.86068,125.839587,113,160.974
160,3475,3644,3,801.34,1.048633,68,11.784412,1.866081,230.601439,219.906696,35,267.11333333333
161,5814,8040,3,785.98,1.382869,204,3.852843,2.537313,135.187479,97.758706,71,261.99333333333
162,8976,9622,1,798.28,1.07197,191,4.179476,1.985034,88.934938,82.964041,61,798.28
163,4202,4947,7,298.57,1.177297,114,2.619035,2.304427,71.05426,60.35375,36,42.652857142857
164,7160,7369,6,809.81,1.02919,174,4.65408,2.361243,113.101955,109.894151,100,134.96833333333
165,3497,3702,3,829.81,1.058622,92,9.019674,2.485143,237.291965,224.15181,43,276.60333333333
166,5472,7531,9,804.9,1.376279,271,2.970111,3.59846,147.094298,106.878237,88,89.433333333333
167,7568,7945,1,786.8,1.049815,180,4.371111,2.265576,103.964059,99.030837,60,786.8
168,3823,4557,7,294.1,1.191996,118,2.492373,2.589423,76.929113,64.538073,37,42.014285714286
169,5552,5675,5,776.05,1.022154,98,7.918878,1.726872,139.778458,136.748899,65,155.21
170,3592,3623,2,241.71,1.00863,16,15.106875,0.441623,67.291203,66.715429,9,120.855
171,4191,6329,8,742.23,1.510141,245,3.02951,3.87107,177.100931,117.274451,69,92.77875
172,3536,4129,12,302.3,1.167704,110,2.748182,2.664083,85.492081,73.213853,44,25.191666666667
173,4745,4837,4,790.08,1.019389,149,5.30255,3.080422,166.507903,163.340914,82,197.52
174,2977,3143,3,792.31,1.055761,67,11.825522,2.131721,266.143769,252.087178,35,264.10333333333
175,5864,6056,13,581.88,1.032742,70,8.312571,1.155878,99.229195,96.083223,51,44.76
176,2753,3278,4,355.67,1.190701,209,1.70177,6.375839,129.193607,108.502135,63,88.9175
177,8916,9989,3,791.22,1.120345,324,2.442037,3.243568,88.741588,79.20913,83,263.74
178,3517,4069,8,297.87,1.156952,101,2.949208,2.482182,84.694342,73.204719,26,37.23375
179,4339,4431,5,793.76,1.021203,149,5.327248,3.362672,182.93616,179.137892,73,158.752
180,4019,4128,5,583.07,1.027121,53,11.001321,1.283915,145.078378,141.247578,39,116.614
181,1307,1314,1,158.95,1.005356,54,2.943519,4.109589,121.614384,120.966514,9,158.95
182,3425,3957,10,295.82,1.155328,110,2.689273,2.779884,86.370803,74.758656,29,29.582
183,7374,7444,2,809.15,1.009493,182,4.445879,2.444922,109.730133,108.69828,92,404.575
184,2799,2933,3,804.43,1.047874,98,8.208469,3.341289,287.399071,274.268667,54,268.14333333333
185,6936,7017,7,607.26,1.011678,55,11.041091,0.783811,87.551903,86.541257,41,86.751428571429
186,3972,4766,12,304.06,1.199899,144,2.111528,3.021402,76.550856,63.797734,34,25.338333333333
187,9554,9604,6,798.59,1.005233,169,4.725385,1.759683,83.586979,83.151812,115,133.09833333333
188,3576,3715,3,788.92,1.03887,76,10.380526,2.04576,220.615213,212.3607,42,262.97333333333
189,9816,9816,4,577.31,1,55,10.496545,0.56031,58.813162,58.813162,58,144.3275
190,3474,4174,9,303.02,1.201497,143,2.119021,3.42597,87.225101,72.597029,41,33.668888888889
191,6282,6528,5,821.97,1.03916,205,4.00961,3.140319,130.845272,125.914522,95,164.394
192,4246,4422,3,824.66,1.041451,94,8.772979,2.125735,194.220443,186.490276,56,274.88666666667
193,3251,3851,12,302.83,1.184559,129,2.347519,3.349779,93.1498,78.636718,37,25.235833333333
194,5224,5287,2,810.4,1.01206,171,4.739181,3.234348,155.130168,153.281634,91,405.2
195,2296,2422,3,817.15,1.054878,55,14.857273,2.270851,355.901568,337.386457,37,272.38333333333
196,3301,3966,5,308.72,1.201454,130,2.374769,3.277862,93.523175,77.841654,41,61.744
197,6456,6663,1,778.94,1.032063,150,5.192933,2.251238,120.653656,116.905298,95,778.94
198,2968,3140,1,761.06,1.057951,63,12.080317,2.006369,256.421833,242.375796,42,761.06
199,4038,4820,17,308.12,1.19366,158,1.950127,3.278008,76.305102,63.925311,46,18.124705882353
200,6724,6950,6,786.51,1.033611,147,5.350408,2.115108,116.970553,113.166906,103,131.085
201,3378,4205,25,314.43,1.244819,186,1.690484,4.423306,93.081705,74.775268,63,12.5772
202,5692,5807,6,801.89,1.020204,148,5.418176,2.548648,140.880183,138.090236,98,133.64833333333
203,3309,3451,3,816.38,1.042913,63,12.958413,1.825558,246.71502,236.563315,41,272.12666666667
204,3432,4169,28,311.12,1.214744,189,1.646138,4.533461,90.652681,74.627009,54,11.111428571429
205,5536,5618,3,814.7,1.014812,159,5.123899,2.830189,147.164017,145.01602,90,271.56666666667
206,3480,3668,3,806.35,1.054023,77,10.472078,2.099237,231.70977,219.833697,51,268.78333333333
207,3380,4350,21,299.9,1.286982,191,1.570157,4.390805,88.727811,68.942529,59,14.280952380952
208,8394,8463,5,802.14,1.00822,134,5.986119,1.583363,95.561115,94.781992,141,160.428
209,4641,4806,6,796.1,1.035553,85,9.365882,1.768623,171.536307,165.647108,53,132.68333333333
210,6280,6517,5,806.87,1.037739,155,5.205613,2.378395,128.482484,123.810035,126,161.374
211,2767,2925,4,828.04,1.057102,63,13.143492,2.153846,299.255511,283.090598,40,207.01
212,7974,8823,2,1020.22,1.106471,115,8.871478,1.303412,127.943316,115.631871,67,510.11
213,5270,5358,7,808.95,1.016698,134,6.03694,2.500933,153.500949,150.979843,84,115.56428571429
214,5858,6127,1,773.45,1.04592,108,7.161574,1.76269,132.033117,126.236331,80,773.45
215,2048,2120,1,755.27,1.035156,45,16.783778,2.122642,368.78418,356.259434,27,755.27
216,8167,8811,1,994.69,1.078854,106,9.383868,1.203042,121.793804,112.89184,50,994.69
217,6966,7257,3,800.39,1.041774,172,4.65343,2.370125,114.899512,110.292132,116,266.79666666667
218,3408,3619,3,787.72,1.061913,79,9.971139,2.182923,231.138498,217.662338,35,262.57333333333
219,8028,8544,2,1004.74,1.064275,130,7.728769,1.521536,125.154459,117.595974,63,502.37
220,6798,7342,4,792.39,1.080024,172,4.606919,2.342686,116.562224,107.925633,109,198.0975
221,2934,3057,1,789.92,1.041922,68,11.616471,2.224403,269.229721,258.397121,46,789.92
222,9650,10305,1,955.08,1.067876,161,5.932174,1.562348,98.972021,92.681223,86,955.08
223,9272,9604,5,795.87,1.035807,181,4.397072,1.884631,85.83585,82.868596,134,159.174
224,3395,3565,1,809.53,1.050074,82,9.872317,2.30014,238.447717,227.077139,43,809.53
225,9128,9711,1,978.2,1.063869,131,7.467176,1.348986,107.164768,100.73113,58,978.2
226,8452,8699,7,788.88,1.029224,182,4.334505,2.092195,93.336488,90.686286,106,112.69714285714
227,3387,3578,2,801.1,1.056392,82,9.769512,2.291783,236.521996,223.896031,50,400.55
228,6826,7303,10,817.99,1.06988,226,3.619425,3.094619,119.834456,112.007394,122,81.799
229,3918,4211,3,815.69,1.074783,95,8.586211,2.255996,208.190403,193.704583,52,271.89666666667
230,6388,6877,1,475.07,1.07655,108,4.398796,1.570452,74.36913,69.080995,52,475.07
231,8988,9284,8,831.03,1.032933,207,4.014638,2.229642,92.459947,89.512064,152,103.87875
232,4063,4348,4,839.53,1.070145,89,9.432921,2.046918,206.628107,193.084177,52,209.8825
233,1264,1306,1,231.92,1.033228,27,8.58963,2.067381,183.481013,177.580398,13,231.92
234,3369,3655,4,248.92,1.084892,56,4.445,1.532148,73.885426,68.103967,32,62.23
235,9388,9723,5,801.95,1.035684,149,5.382215,1.532449,85.42288,82.479687,175,160.39
236,4142,4397,3,741.74,1.061564,67,11.070746,1.523766,179.07774,168.69229,48,247.24666666667
237,5956,6922,19,493.78,1.162189,151,3.270066,2.18145,82.904634,71.334874,86,25.988421052632
238,10290,10675,9,788.99,1.037415,202,3.905891,1.892272,76.675413,73.91007,182,87.665555555556
239,5400,5827,8,855.85,1.079074,114,7.507456,1.95641,158.490741,146.876609,73,106.98125
240,4919,5807,10,478.01,1.180524,114,4.19307,1.963148,97.176255,82.31617,64,47.801
241,8442,8986,8,789.71,1.06444,275,2.871673,3.060316,93.545368,87.882261,191,98.71375
242,3900,4180,2,773.06,1.071795,94,8.224043,2.248804,198.220513,184.942584,48,386.53
243,4209,4452,4,534.86,1.057733,82,6.522683,1.841869,127.075315,120.139263,34,133.715
244,4922,5763,12,368.43,1.170866,106,3.475755,1.83932,74.853718,63.930245,70,30.7025
245,8728,9431,4,820.25,1.080545,285,2.87807,3.021949,93.979148,86.97381,214,205.0625
246,4972,5324,2,823.53,1.070796,103,7.995437,1.934636,165.633548,154.68257,87,411.765
247,6948,7515,49,576.32,1.081606,305,1.889574,4.05855,82.947611,76.689288,230,11.761632653061
248,4353,4564,1,514.8,1.048472,66,7.8,1.4461,118.263267,112.795793,25,514.8
249,657,695,3,55.51,1.057839,33,1.682121,4.748201,84.490107,79.870504,11,18.503333333333
250,1928,2134,3,117.92,1.106846,40,2.948,1.874414,61.161826,55.257732,25,39.306666666667
251,11504,11788,8,812.68,1.024687,194,4.189072,1.645741,70.643255,68.941296,242,101.585
252,8714,8929,2,827.41,1.024673,105,7.880095,1.175944,94.951802,92.665472,192,413.705
253,1604,1637,1,467.19,1.020574,16,29.199375,0.977398,291.265586,285.394013,5,467.19
254,2452,2936,15,201.05,1.19739,187,1.075134,6.36921,81.99429,68.47752,88,13.403333333333
255,1904,2110,11,114.81,1.108193,50,2.2962,2.369668,60.29937,54.412322,33,10.437272727273
256,14104,14549,5,782.58,1.031551,251,3.117849,1.725204,55.486387,53.789264,286,156.516
257,5990,6186,4,810.41,1.032721,94,8.621383,1.51956,135.293823,131.007113,149,202.6025
258,3761,3958,1,502.38,1.05238,63,7.974286,1.591713,133.576177,126.927741,28,502.38
259,2287,2723,5,201.21,1.190643,102,1.972647,3.745869,87.979886,73.892765,66,40.242
260,13764,13969,7,803.84,1.014894,379,2.12095,2.713151,58.401627,57.544563,343,114.83428571429
261,2799,2953,1,477.36,1.05502,50,9.5472,1.693193,170.546624,161.652557,28,477.36
262,2654,3261,15,231.28,1.228711,114,2.028772,3.49586,87.143934,70.92303,77,15.418666666667
263,1339,1406,14,74.89,1.050037,84,0.891548,5.974395,55.929798,53.26458,45,5.3492857142857
264,12040,12274,7,928.88,1.019435,398,2.333869,3.242627,77.149502,75.67867,343,132.69714285714
265,4942,5226,2,929.22,1.057467,89,10.440674,1.703023,188.025091,177.807118,103,464.61
266,7488,7833,2,697.14,1.046074,103,6.76835,1.31495,93.100962,89.000383,45,348.57
267,2382,3055,28,232.05,1.282536,175,1.326,5.728314,97.418136,75.957447,105,8.2875
268,1999,2199,20,115.53,1.10005,121,0.954793,5.502501,57.793897,52.537517,75,5.7765
269,11972,12581,14,930.99,1.050869,357,2.607815,2.837612,77.763949,73.999682,285,66.499285714286
270,4867,5098,4,923.66,1.047463,100,9.2366,1.961554,189.780152,181.180855,121,230.915
271,3007,3175,50,342.5,1.05587,191,1.793194,6.015748,113.900898,107.874016,126,6.85
272,13424,14400,3,916.68,1.072706,141,6.501277,0.979167,68.286651,63.658333,65,305.56
273,3357,3570,31,232.21,1.06345,204,1.138284,5.714286,69.17188,65.044818,133,7.4906451612903
274,2037,2200,13,116.2,1.08002,98,1.185714,4.454545,57.044674,52.818182,65,8.9384615384615
275,13748,14171,8,931.41,1.030768,341,2.731408,2.406323,67.748763,65.726484,297,116.42625
276,5838,6006,2,928.04,1.028777,90,10.311556,1.498502,158.965399,154.518815,96,464.02
277,7916,8619,9,563.12,1.088807,217,2.595023,2.517693,71.136938,65.334726,177,62.568888888889
278,988,1000,8,30.22,1.012146,35,0.863429,3.5,30.587045,30.22,18,3.7775
279,3113,3414,19,100.87,1.096691,129,0.781938,3.778559,32.402827,29.545987,59,5.3089473684211
280,3441,3772,31,101.65,1.096193,165,0.616061,4.374337,29.540831,26.948568,72,3.2790322580645
281,3811,4292,31,101,1.126214,162,0.623457,3.774464,26.50223,23.532153,82,3.258064516129
282,3599,4080,22,96.32,1.133648,129,0.746667,3.161765,26.76299,23.607843,69,4.3781818181818
283,5416,5734,6,323.82,1.058715,157,2.062548,2.738054,59.789513,56.473666,113,53.97
284,3290,3763,25,101.41,1.143769,146,0.694589,3.879883,30.823708,26.949243,76,4.0564
285,7116,7827,4,496.71,1.099916,221,2.247557,2.823559,69.801855,63.461096,185,124.1775
286,3595,4274,35,115.62,1.188873,195,0.592923,4.562471,32.161335,27.051942,99,3.3034285714286
287,9122,10151,4,580.93,1.112804,195,2.979128,1.920993,63.684499,57.228844,158,145.2325
288,4342,4743,30,115.98,1.092354,205,0.565756,4.322159,26.711193,24.452878,102,3.866
289,8830,9406,12,570.03,1.065232,198,2.878939,2.105039,64.556059,60.602807,171,47.5025
290,2978,3142,27,121.02,1.055071,143,0.846294,4.551241,40.638012,38.516868,71,4.4822222222222
291,7432,8377,81,349.95,1.127153,482,0.726037,5.75385,47.086921,41.775098,248,4.3203703703704
292,3103,3190,2,337.09,1.028037,53,6.360189,1.661442,108.63358,105.670846,51,168.545
293,5771,5984,3,583.32,1.036909,100,5.8332,1.671123,101.077803,97.479947,112,194.44
294,4917,5175,1,573.2,1.052471,86,6.665116,1.661836,116.575147,110.763285,83,573.2
295,2151,2290,3,119.58,1.064621,54,2.214444,2.358079,55.592748,52.218341,16,39.86
296,4621,5266,19,301.97,1.13958,205,1.473024,3.892898,65.347327,57.343335,82,15.893157894737
297,5166,5912,31,303.47,1.144406,252,1.204246,4.262517,58.743709,51.331191,106,9.7893548387097
298,4875,5449,25,287.1,1.117744,203,1.414286,3.725454,58.892308,52.688567,92,11.484
299,5168,5644,24,285.25,1.092105,160,1.782813,2.834869,55.195433,50.540397,74,11.885416666667
300,3201,3626,34,224.84,1.132771,200,1.1242,5.51572,70.24055,62.007722,96,6.6129411764706
301,3184,3520,26,207.71,1.105528,189,1.098995,5.369318,65.235553,59.008523,67,7.9888461538462
302,1782,1913,3,112.45,1.073513,42,2.677381,2.195504,63.103255,58.782018,11,37.483333333333
303,832,854,1,55.77,1.026442,21,2.655714,2.459016,67.03125,65.30445,6,55.77
304,5092,5949,13,346.74,1.168303,142,2.441831,2.386956,68.095051,58.285426,46,26.672307692308
305,3232,3738,7,221.99,1.156559,77,2.882987,2.059925,68.685025,59.387373,22,31.712857142857
306,4142,5322,6,284.8,1.284887,147,1.937415,2.76212,68.759054,53.513717,50,47.466666666667
307,1483,1563,7,103.12,1.053945,74,1.393514,4.734485,69.534727,65.975688,23,14.731428571429
308,1492,1589,7,113.87,1.065013,65,1.751846,4.090623,76.320375,71.661422,22,16.267142857143
309,3123,3497,7,223.63,1.119757,71,3.149718,2.030312,71.607429,63.949099,30,31.947142857143
310,4731,5392,18,344.69,1.139717,148,2.328986,2.744807,72.857747,63.926187,52,19.149444444444
311,6422,7796,19,506.28,1.213952,209,2.422392,2.680862,78.835254,64.940995,85,26.646315789474
312,6450,7514,22,472.18,1.164961,212,2.227264,2.8214,73.206202,62.840032,70,21.462727272727
313,3808,4392,14,255.35,1.153361,132,1.93447,3.005464,67.056197,58.1398,46,18.239285714286
314,1543,1704,7,99.07,1.104342,61,1.624098,3.579812,64.206092,58.139671,15,14.152857142857
315,1948,2206,4,104.3,1.132444,67,1.556716,3.037171,53.542094,47.280145,20,26.075
316,1983,2229,8,100.45,1.124054,71,1.414789,3.185285,50.655572,45.065052,31,12.55625
317,2126,2363,10,101.01,1.111477,92,1.097935,3.893356,47.511759,42.746509,32,10.101
318,1936,2238,9,102.19,1.155992,90,1.135444,4.021448,52.784091,45.661305,31,11.354444444444
319,2066,2093,2,133.52,1.013069,36,3.708889,1.720019,64.627299,63.793598,30,66.76
320,2077,2335,10,116.62,1.124218,83,1.40506,3.554604,56.148291,49.944325,28,11.662
321,6066,6405,1,579.19,1.055885,166,3.489096,2.591725,95.481372,90.427791,139,579.19
322,1879,2148,16,117.34,1.143161,116,1.011552,5.400372,62.448111,54.627561,42,7.33375
323,1857,2053,11,115.35,1.105547,88,1.310795,4.28641,62.116317,56.186069,33,10.486363636364
324,1638,1853,8,87.89,1.131258,73,1.203973,3.939557,53.656899,47.431193,26,10.98625
325,2200,2591,16,116.12,1.177727,134,0.866567,5.171748,52.781818,44.816673,45,7.2575
326,6636,6661,1,161.31,1.003767,63,2.560476,0.945804,24.308318,24.217085,66,161.31
327,1793,2094,18,115.1,1.167875,153,0.752288,7.30659,64.194088,54.966571,56,6.3944444444444
328,14632,14632,8,571.69,1,181,3.158508,1.237015,39.071214,39.071214,178,71.46125
329,986,1040,6,47.37,1.054767,57,0.831053,5.480769,48.042596,45.548077,21,7.895
330,1852,2231,15,116.42,1.204644,137,0.849781,6.140744,62.861771,52.182878,48,7.7613333333333
331,1716,2162,19,117,1.259907,176,0.664773,8.140611,68.181818,54.116559,63,6.1578947368421
332,2929,3110,29,209.03,1.061796,117,1.786581,3.762058,71.365654,67.212219,75,7.2079310344828
333,1718,2189,3,1748.36,1.274156,27,64.754074,1.23344,1017.671711,798.702604,0,582.78666666667
334,1838,2453,3,1743.51,1.334603,36,48.430833,1.467591,948.59086,710.766408,0,581.17
335,1867,2632,4,1758.5,1.409748,48,36.635417,1.823708,941.885378,668.1231,0,439.625
336,1999,2732,1,1749.86,1.366683,44,39.769545,1.610542,875.367684,640.505124,0,1749.86
337,1654,2142,5,1543.44,1.295042,27,57.164444,1.260504,933.155985,720.560224,0,308.688
338,998,1146,2,790.24,1.148297,16,49.39,1.396161,791.823647,689.5637,0,395.12
339,3554,4048,1,1134.98,1.138998,121,9.38,2.98913,319.352842,280.380435,0,1134.98
340,6932,7744,1,1151.95,1.117138,237,4.860549,3.060434,166.178592,148.753874,0,1151.95
341,2287,2317,2,790.14,1.013118,37,21.355135,1.596893,345.491911,341.018558,0,395.07
342,5224,5341,3,899.81,1.022397,94,9.572447,1.75997,172.245406,168.472196,0,299.93666666667
343,5714,6412,4,2270.14,1.122156,190,11.948105,2.963194,397.294365,354.04554,0,567.535
344,7918,8607,3,2867.65,1.087017,189,15.172751,2.195887,362.168477,333.176484,0,955.88333333333
345,7978,9111,2,2924.55,1.142016,221,13.233258,2.425639,366.576836,320.99111,0,1462.275
346,7165,8519,6,2832.62,1.188974,223,12.702332,2.617678,395.341242,332.506163,0,472.10333333333
347,8373,8959,5,2467.25,1.069987,248,9.948589,2.768166,294.667383,275.393459,0,493.45
348,6006,7009,6,1887.94,1.167,256,7.374766,3.652447,314.342324,269.359395,0,314.65666666667
349,7398,7713,3,2130.3,1.042579,203,10.494089,2.63192,287.956204,276.196033,0,710.1
350,1836,1871,2,392.15,1.019063,51,7.689216,2.725815,213.589325,209.5938,0,196.075
351,3619,3706,4,856.69,1.02404,55,15.576182,1.48408,236.720088,231.162979,0,214.1725
352,6570,6922,4,1113.07,1.053577,136,8.184338,1.96475,169.417047,160.801791,0,278.2675
353,11083,11423,4,2105.71,1.030678,207,10.172512,1.812133,189.994586,184.339491,0,526.4275
354,7487,7874,3,1217.01,1.05169,156,7.801346,1.981204,162.549753,154.560579,0,405.67
355,11805,12717,8,2001.67,1.077255,226,8.856947,1.777149,169.561203,157.401117,0,250.20875
356,7986,8459,5,1185.6,1.059229,137,8.654015,1.619577,148.459805,140.158411,0,237.12
357,11524,12285,1,2032.86,1.066036,197,10.319086,1.603582,176.402291,165.474969,0,2032.86
358,7352,7948,10,1226.57,1.081066,230,5.332913,2.89381,166.834875,154.324358,0,122.657
359,12378,12873,3,1991.89,1.03999,235,8.476128,1.825526,160.921797,154.733939,0,663.96333333333
360,8450,9290,3,1189.32,1.099408,160,7.43325,1.722282,140.747929,128.021529,0,396.44
361,15900,16785,4,2029.49,1.05566,187,10.852888,1.11409,127.640881,120.910932,0,507.3725
362,21607,23150,9,3204.01,1.071412,263,12.182548,1.136069,148.285741,138.40216,0,356.00111111111
363,14211,15197,7,2862.46,1.069383,148,19.340946,0.973876,201.425656,188.356913,0,408.92285714286
364,5998,6624,3,953.13,1.104368,43,22.165814,0.649155,158.907969,143.890399,0,317.71
365,3794,4007,1,623.89,1.056141,25,24.9556,0.623908,164.441223,155.700025,0,623.89
366,373,397,1,711.71,1.064343,10,71.171,2.518892,1908.069705,1792.720403,0,711.71
367,2233,2313,16,130.27,1.035826,105,1.240667,4.539559,58.338558,56.320796,67,8.141875
368,949,983,7,64.29,1.035827,59,1.089661,6.002035,67.744995,65.401831,37,9.1842857142857
369,6566,6740,6,522.85,1.0265,174,3.004885,2.581602,79.629912,77.574184,175,87.141666666667
370,2435,2463,1,499.8,1.011499,31,16.122581,1.258628,205.256674,202.923264,44,499.8
371,3884,4158,36,201.34,1.070546,175,1.150514,4.208754,51.838311,48.422318,105,5.5927777777778
372,1602,1672,18,101.58,1.043695,107,0.949346,6.399522,63.40824,60.753589,65,5.6433333333333
373,9268,9533,7,793.61,1.028593,224,3.542902,2.349733,85.629046,83.248715,288,113.37285714286
374,4926,5184,4,799.36,1.052375,76,10.517895,1.466049,162.27365,154.197531,103,199.84
375,3527,3809,34,199.17,1.079955,195,1.021385,5.119454,56.470088,52.289315,125,5.8579411764706
376,1630,1753,16,100.51,1.07546,86,1.168721,4.905876,61.662577,57.335995,62,6.281875
377,8076,8335,8,804.44,1.03207,233,3.452532,2.795441,99.608717,96.513497,229,100.555
378,5216,5452,3,805.78,1.045245,96,8.393542,1.760822,154.482362,147.795304,94,268.59333333333
379,3085,3314,43,183.79,1.07423,203,0.905369,6.125528,59.575365,55.45866,120,4.2741860465116
380,1630,1750,16,91.81,1.07362,88,1.043295,5.028571,56.325153,52.462857,60,5.738125
381,10168,10305,13,930.48,1.013474,235,3.959489,2.280446,91.510622,90.294032,255,71.575384615385
382,2884,2946,3,635.55,1.021498,71,8.951408,2.410048,220.371012,215.733198,54,211.85
383,2296,2509,35,136.95,1.09277,190,0.720789,7.572738,59.647213,54.583499,118,3.9128571428571
384,1033,1088,16,61.6,1.053243,81,0.760494,7.444853,59.632139,56.617647,53,3.85
385,10282,10624,13,936.94,1.033262,237,3.953333,2.230798,91.124295,88.190889,411,72.072307692308
386,4020,4149,1,946.14,1.03209,54,17.521111,1.301518,235.358209,228.040492,80,946.14
387,11440,11597,6,922.3,1.013724,217,4.25023,1.871174,80.620629,79.529189,288,153.71666666667
388,5244,5515,1,1166.96,1.051678,93,12.547957,1.68631,222.532418,211.597461,122,1166.96
389,3605,3924,40,179.68,1.088488,221,0.813032,5.632008,49.841886,45.79001,138,4.492
390,3095,3441,41,154.24,1.111793,216,0.714074,6.277245,49.835218,44.824179,142,3.7619512195122
391,1879,1909,17,97.16,1.015966,97,1.001649,5.081194,51.708356,50.895757,62,5.7152941176471
392,2982,3017,2,281.67,1.011737,66,4.267727,2.187604,94.45674,93.360955,83,140.835
393,2835,2854,1,377.61,1.006702,33,11.442727,1.156272,133.195767,132.30904,36,377.61
394,753,770,245,134.01,1.022576,46,2.913261,5.974026,177.968127,174.038961,245,0.54697959183673
395,1059,1089,71,78.98,1.028329,87,0.907816,7.988981,74.579792,72.525253,71,1.1123943661972
396,1588,1632,134,126.22,1.027708,33,3.824848,2.022059,79.483627,77.340686,134,0.94194029850746
397,12548,13116,140,219.04,1.045266,13,16.849231,0.099116,17.456168,16.700213,7,1.5645714285714
398,356,357,79,44.83,1.002809,12,3.735833,3.361345,125.926966,125.57423,79,0.56746835443038
399,17728,18391,130,217.87,1.037398,56,3.890536,0.304497,12.289598,11.846555,35,1.6759230769231
400,5828,6384,60,302.43,1.095402,361,0.837756,5.654762,51.892588,47.37312,207,5.0405
401,5366,5530,7,805.88,1.030563,171,4.712749,3.092224,150.182631,145.728752,134,115.12571428571
402,4284,4410,3,1007.19,1.029412,79,12.749241,1.791383,235.105042,228.387755,83,335.73
403,397,400,122,65.99,1.007557,44,1.499773,11,166.221662,164.975,122,0.54090163934426
404,1704,1777,109,112.24,1.04284,174,0.645057,9.791784,65.868545,63.162634,109,1.0297247706422
405,2106,2212,185,164.01,1.050332,84,1.9525,3.797468,77.877493,74.14557,185,0.88654054054054
406,11512,11596,770,229.34,1.007297,21,10.920952,0.181097,19.921821,19.777509,11,0.29784415584416
407,1071,1082,216,147.15,1.010271,54,2.725,4.990758,137.394958,135.998152,216,0.68125
408,975,981,139,92.33,1.006154,22,4.196818,2.24261,94.697436,94.118247,139,0.66424460431655
409,684,687,139,90.45,1.004386,54,1.675,7.860262,132.236842,131.659389,139,0.65071942446043
410,746,750,155,120.61,1.005362,47,2.56617,6.266667,161.675603,160.813333,155,0.77812903225806
411,889,902,89,77.96,1.014623,97,0.803711,10.75388,87.694038,86.430155,89,0.87595505617978
412,882,893,186,240.74,1.012472,18,13.374444,2.015677,272.947846,269.585666,186,1.2943010752688
413,34800,36869,2030,387.57,1.059454,67,5.784627,0.181724,11.137069,10.512083,50,0.19092118226601
414,6056,6563,62,314.98,1.083719,341,0.923695,5.195795,52.011229,47.993296,207,5.0803225806452
415,4972,5070,1,695.03,1.01971,119,5.840588,2.34714,139.788817,137.086785,139,695.03
416,5556,5561,2,976.69,1.0009,75,13.022533,1.348678,175.790137,175.632081,84,488.345
417,627,634,155,108.02,1.011164,84,1.285952,13.249211,172.280702,170.378549,155,0.69690322580645
418,1085,1094,167,107.67,1.008295,62,1.736613,5.667276,99.235023,98.418647,167,0.64473053892216
419,790,799,177,109.55,1.011392,64,1.711719,8.010013,138.670886,137.108886,177,0.61892655367232
420,727,728,101,79.39,1.001376,46,1.72587,6.318681,109.202201,109.052198,101,0.7860396039604
421,1752,1804,137,122.04,1.02968,159,0.767547,8.813747,69.657534,67.649667,137,0.89080291970803
422,1454,1473,422,415.61,1.013067,58,7.16569,3.937542,285.839065,282.152071,422,0.98485781990521
423,38816,41668,140,390.89,1.073475,61,6.408033,0.146395,10.070332,9.38106,52,2.7920714285714
424,6240,6365,521,574.34,1.020032,168,3.41869,2.639434,92.041667,90.234093,521,1.1023800383877
425,5638,5942,449,563.9,1.05392,186,3.03172,3.130259,100.017737,94.900707,449,1.2559020044543
426,10430,10559,468,800,1.012368,418,1.913876,3.958708,76.701822,75.76475,468,1.7094017094017
427,2511,2562,139,192.31,1.020311,83,2.316988,3.239657,76.587017,75.062451,139,1.3835251798561
428,1681,1686,317,179.81,1.002974,322,0.558416,19.098458,106.966092,106.648873,317,0.56722397476341
429,5100,5726,64,316.34,1.122745,359,0.88117,6.269647,62.027451,55.246245,217,4.9428125
430,5708,5928,8,816.82,1.038542,192,4.254271,3.238866,143.100911,137.790148,185,102.1025
431,2803,2874,1,979.74,1.02533,58,16.892069,2.018093,349.532644,340.897704,62,979.74
432,2,2,1,0.07,1,0,0,0,35,35,1,0.07
433,17308,17469,240,158.73,1.009302,34,4.668529,0.19463,9.170904,9.086382,23,0.661375
434,2466,2487,290,225.66,1.008516,100,2.2566,4.020909,91.508516,90.735826,290,0.77813793103448
435,3281,3303,296,236.1,1.006705,94,2.511702,2.845898,71.959768,71.480472,296,0.79763513513514
436,8,8,2,0.3,1,0,0,0,37.5,37.5,2,0.15
437,5278,5898,661,480.92,1.117469,300,1.603067,5.08647,91.117848,81.539505,661,0.72756429652042
438,5630,5748,1035,505.85,1.020959,1046,0.483604,18.197634,89.849023,88.004523,1035,0.48874396135266
439,5166,5832,65,295.39,1.12892,369,0.800515,6.32716,57.179636,50.649863,238,4.5444615384615
440,5412,5694,6,780.24,1.052106,194,4.021856,3.407095,144.168514,137.028451,164,130.04
441,3928,4040,4,985.03,1.028513,69,14.275797,1.707921,250.771385,243.819307,84,246.2575
442,2595,2726,542,258.42,1.050482,111,2.328108,4.0719,99.583815,94.798239,542,0.47678966789668
443,3399,3618,636,279.58,1.064431,686,0.407551,18.960752,82.253604,77.274737,636,0.43959119496855
444,4677,5211,79,312.24,1.114176,447,0.698523,8.578008,66.760744,59.919401,299,3.9524050632911
445,5694,5914,3,798.32,1.038637,161,4.958509,2.722354,140.203723,134.988164,180,266.10666666667
446,4718,4849,3,998.94,1.027766,66,15.135455,1.361105,211.729546,206.009486,66,332.98
447,952,972,258,68.35,1.021008,82,0.833537,8.436214,71.796218,70.31893,258,0.26492248062015
448,496,504,100,34.76,1.016129,104,0.334231,20.634921,70.080645,68.968254,100,0.3476
449,2012,2127,54,160.8,1.057157,243,0.661728,11.424542,79.920477,75.599436,154,2.9777777777778
450,6540,6716,3,801.88,1.026911,180,4.454889,2.680167,122.611621,119.398451,189,267.29333333333
451,3337,3477,2,1002.71,1.041954,69,14.532029,1.984469,300.482469,288.383664,50,501.355
452,176,176,66,19.9,1,5,3.98,2.840909,113.068182,113.068182,66,0.30151515151515
453,166,166,36,18.95,1,36,0.526389,21.686747,114.156627,114.156627,36,0.52638888888889
454,1194,1286,1,379.88,1.077052,63,6.029841,4.898911,318.157454,295.396579,19,379.88
455,5988,6246,8,804.95,1.043086,230,3.499783,3.682357,134.427188,128.87448,197,100.61875
456,2702,2711,78,150,1.003331,108,1.388889,3.98377,55.514434,55.330136,78,1.9230769230769
457,1495,1537,510,150,1.028094,96,1.5625,6.245934,100.334448,97.592713,510,0.29411764705882
458,1309,1435,3,514.68,1.096257,67,7.681791,4.66899,393.185638,358.662021,25,171.56
459,6480,6613,5,805.86,1.020525,208,3.874327,3.14532,124.361111,121.859973,221,161.172
460,3646,3791,3,982.12,1.03977,59,16.646102,1.556318,269.369172,259.066209,66,327.37333333333
461,1002,1087,6,489.61,1.08483,61,8.026393,5.611776,488.632735,450.423183,30,81.601666666667
462,7040,7284,8,799.13,1.034659,197,4.056497,2.704558,113.512784,109.710324,243,99.89125
463,4893,5019,5,971.44,1.025751,85,11.428706,1.693564,198.536685,193.552501,122,194.288
464,1206,1302,2,481.04,1.079602,67,7.179701,5.145929,398.872305,369.462366,28,240.52
465,7520,7592,9,796.69,1.009574,175,4.552514,2.305058,105.942819,104.938093,283,88.521111111111
466,3451,3604,2,984.65,1.044335,68,14.480147,1.886792,285.323095,273.210322,106,492.325
467,1368,1493,3,476.75,1.091374,54,8.828704,3.616879,348.501462,319.32351,23,158.91666666667
468,8970,9142,8,801.86,1.019175,235,3.41217,2.570553,89.393534,87.71166,341,100.2325
469,4905,5018,2,1011.54,1.023038,73,13.856712,1.454763,206.2263,201.582304,120,505.77
470,1764,1816,3,494.16,1.029478,54,9.151111,2.973568,280.136054,272.114537,14,164.72
471,7730,7763,4,808.23,1.004269,200,4.04115,2.576324,104.557568,104.113101,269,202.0575
472,6534,6630,2,968.8,1.014692,72,13.455556,1.085973,148.270585,146.12368,133,484.4
473,2041,2227,3,491.42,1.091132,92,5.341522,4.131118,240.77413,220.664571,39,163.80666666667
474,10022,10227,16,814.26,1.020455,192,4.240938,1.877383,81.247256,79.618657,402,50.89125
475,6050,6184,4,1004.5,1.022149,83,12.10241,1.342173,166.033058,162.435317,123,251.125
476,1316,1448,2,391.08,1.100304,39,10.027692,2.69337,297.173252,270.082873,25,195.54
477,10720,11029,6,775.68,1.028825,229,3.387249,2.076344,72.358209,70.330946,421,129.28
478,6404,6646,2,1029.25,1.037789,108,9.530093,1.625038,160.719863,154.86759,196,514.625
479,9146,9431,5,804.15,1.031161,217,3.70576,2.300922,87.923682,85.266674,432,160.83
480,5218,5342,4,1029.82,1.023764,79,13.035696,1.478847,197.359141,192.777986,169,257.455
481,7492,7664,14,935.59,1.022958,225,4.158178,2.935804,124.878537,122.075939,275,66.827857142857
482,5220,5363,7,1173.64,1.027395,84,13.971905,1.566288,224.835249,218.840201,108,167.66285714286
483,8022,8234,7,927.4,1.026427,201,4.61393,2.441098,115.607081,112.630556,292,132.48571428571
484,7006,7238,2,1147.6,1.033114,94,12.208511,1.298701,163.802455,158.552086,130,573.8
485,8188,8520,12,931.02,1.040547,210,4.433429,2.464789,113.705423,109.274648,376,77.585
486,8106,8389,2,1174.21,1.034912,102,11.511863,1.215878,144.856896,139.970199,211,587.105
487,102,102,1,0.68,1,1,0.68,0.980392,6.666667,6.666667,1,0.68
488,2013,2128,1,359.73,1.057129,83,4.334096,3.900376,178.703428,169.046053,74,359.73
489,3541,4208,146,199.56,1.188365,150,1.3304,3.564639,56.356961,47.423954,1674,1.3668493150685
490,3415,3659,2,573.8,1.071449,136,4.219118,3.716863,168.023426,156.818803,105,286.9
491,15276,20209,681,926.66,1.322925,737,1.257341,3.64689,60.661168,45.853828,8301,1.3607342143906
492,2752,3076,2,501.84,1.117733,101,4.968713,3.283485,182.354651,163.146944,85,250.92
493,3420,3602,3,571.4,1.053216,120,4.761667,3.331483,167.076023,158.634092,96,190.46666666667
494,3857,4123,4,577.63,1.068966,39,14.811026,0.945913,149.761473,140.099442,26,144.4075
495,976,982,4,74.72,1.006148,65,1.149538,6.619145,76.557377,76.089613,20,18.68
496,2323,2528,3,505.18,1.088248,98,5.154898,3.876582,217.46879,199.833861,73,168.39333333333
497,2888,3499,81,93.67,1.211565,86,1.089186,2.457845,32.434211,26.770506,764,1.1564197530864
498,2703,2831,8,212.13,1.047355,201,1.055373,7.099965,78.479467,74.93112,60,26.51625
499,3236,3321,2,520.33,1.026267,95,5.477158,2.860584,160.79419,156.678711,78,260.165
500,22388,28410,658,810.28,1.268983,710,1.141239,2.49912,36.192603,28.520943,5146,1.2314285714286
501,2543,2687,1,417.82,1.056626,70,5.968857,2.605136,164.302006,155.496837,66,417.82
502,20084,25264,564,743.64,1.257917,632,1.176646,2.501583,37.026489,29.434769,3916,1.3185106382979
503,2123,2157,6,188.97,1.016015,133,1.420827,6.165971,89.010834,87.607789,46,31.495
504,6602,6602,7,668.94,1,144,4.645417,2.181157,101.323841,101.323841,240,95.562857142857
505,4317,4446,4,900.23,1.029882,67,13.436269,1.506973,208.531388,202.480882,86,225.0575
506,2962,3140,2,493.89,1.060095,77,6.414156,2.452229,166.742066,157.289809,76,246.945
507,17348,19880,408,525.05,1.145953,456,1.151425,2.293763,30.265737,26.410966,2272,1.286887254902
508,3045,3061,3,342.63,1.005255,210,1.631571,6.860503,112.522167,111.934008,61,114.21
509,10518,10666,5,778.98,1.014071,213,3.657183,1.997,74.061609,73.03394,332,155.796
510,5662,5991,3,998.09,1.058107,91,10.968022,1.518945,176.2787,166.598231,118,332.69666666667
511,2522,2712,1,486.51,1.075337,74,6.574459,2.728614,192.906423,179.391593,61,486.51
512,7278,10054,306,303.12,1.381423,328,0.924146,3.262383,41.648805,30.149194,2516,0.99058823529412
513,11408,11499,15,803.03,1.007977,233,3.446481,2.026263,70.39183,69.834768,491,53.535333333333
514,7296,7478,1,1002.49,1.024945,97,10.334948,1.297138,137.402686,134.058572,160,1002.49
515,2868,3037,2,504.87,1.058926,62,8.143065,2.041488,176.035565,166.23971,52,252.435
516,6446,9263,249,296.42,1.437015,264,1.122803,2.850049,45.985107,32.000432,1736,1.1904417670683
517,1238,1244,3,96.67,1.004847,50,1.9334,4.019293,78.085622,77.709003,22,32.223333333333
518,9278,9483,16,925.94,1.022095,204,4.538922,2.151218,99.799526,97.642096,434,57.87125
519,6002,6217,5,1166.55,1.035821,109,10.702294,1.753257,194.360213,187.638733,151,233.31
520,2881,3051,4,551.41,1.059007,58,9.507069,1.901016,191.395349,180.730908,59,137.8525
521,6886,8561,263,293.07,1.243247,280,1.046679,3.270646,42.560267,34.23315,1546,1.1143346007605
522,4051,4194,7,345.82,1.0353,234,1.477863,5.579399,85.366576,82.455889,64,49.402857142857
523,7866,8297,9,924.46,1.054793,244,3.78877,2.940822,117.526062,111.420996,333,102.71777777778
524,3146,3281,3,1147,1.042912,62,18.5,1.889668,364.589956,349.58854,73,382.33333333333
525,4412,5278,118,157.76,1.196283,127,1.242205,2.406214,35.757026,29.89011,698,1.3369491525424
526,4074,4165,6,342.75,1.022337,259,1.323359,6.218487,84.131075,82.292917,63,57.125
527,7546,7654,10,934.1,1.014312,191,4.890576,2.495427,123.787437,122.040763,264,93.41
528,5344,5431,1,1152.13,1.01628,79,14.583924,1.454612,215.593189,212.139569,92,1152.13
529,10836,11397,246,330.15,1.051772,288,1.146354,2.526981,30.467885,28.96815,834,1.3420731707317
530,1856,1877,5,138.79,1.011315,138,1.005725,7.352158,74.779095,73.942461,37,27.758
531,3428,3510,3,237.12,1.023921,168,1.411429,4.786325,69.171529,67.555556,51,79.04
532,8452,8499,4,634.24,1.005561,239,2.653724,2.812096,75.040227,74.62525,371,158.56
533,5554,5703,1,764.76,1.026828,68,11.246471,1.192355,137.695355,134.097843,84,764.76
534,958,968,12,89.32,1.010438,156,0.572564,16.115702,93.235908,92.272727,65,7.4433333333333
535,2057,2158,2,375.66,1.049101,58,6.476897,2.687674,182.625182,174.07785,42,187.83
536,4898,5071,7,303.41,1.035321,291,1.042646,5.738513,61.945692,59.83238,90,43.344285714286
537,8350,8703,11,795.31,1.042275,260,3.058885,2.987476,95.246707,91.383431,300,72.300909090909
538,5500,5673,2,981.23,1.031455,122,8.042869,2.150538,178.405455,172.964922,114,490.615
539,1291,1371,21,93.63,1.061967,217,0.431475,15.827863,72.525174,68.293217,81,4.4585714285714
540,2095,2198,1,176.76,1.049165,67,2.638209,3.048226,84.372315,80.418562,38,176.76
541,2145,2308,3,502.43,1.075991,96,5.233646,4.159445,234.2331,217.690641,60,167.47666666667
542,1179,1196,1,178.14,1.014419,8,22.2675,0.668896,151.094148,148.946488,6,178.14
543,3754,3900,9,287.52,1.038892,255,1.127529,6.538462,76.590304,73.723077,75,31.946666666667
544,8660,8904,12,804.62,1.028176,289,2.784152,3.245732,92.91224,90.366128,423,67.051666666667
545,4082,4290,4,1004.29,1.050955,98,10.247857,2.284382,246.028907,234.100233,106,251.0725
546,968,979,12,83.53,1.011364,139,0.600935,14.198161,86.291322,85.321757,51,6.9608333333333
547,1471,1627,1,498.7,1.10605,49,10.177551,3.011678,339.021074,306.515058,45,498.7
548,4202,4393,5,500.39,1.045455,47,10.646596,1.069884,119.08377,113.906214,33,100.078
549,4266,4428,16,268.61,1.037975,339,0.79236,7.655827,62.965307,60.661698,109,16.788125
550,10004,10393,8,766.79,1.038884,475,1.614295,4.570384,76.648341,73.779467,389,95.84875
551,6954,7197,3,1154.43,1.034944,138,8.365435,1.917466,166.009491,160.404335,128,384.81
552,84,84,3,6.49,1,15,0.432667,17.857143,77.261905,77.261905,4,2.1633333333333
553,7152,7384,2,576.78,1.032438,35,16.479429,0.473998,80.645973,78.112134,28,288.39
554,3348,3449,5,223.46,1.030167,330,0.677152,9.567991,66.744325,64.789794,85,44.692
555,9902,10365,16,789.15,1.046758,382,2.065838,3.68548,79.696021,76.136035,316,49.321875
556,5530,5638,7,1160.49,1.01953,95,12.215684,1.684995,209.853526,205.833629,141,165.78428571429
557,1084,1152,19,100.3,1.062731,204,0.491667,17.708333,92.527675,87.065972,79,5.2789473684211
558,3900,4180,2,348.36,1.071795,115,3.029217,2.751196,89.323077,83.339713,65,174.18
559,2714,2944,1,575.95,1.084746,77,7.47987,2.615489,212.214444,195.63519,61,575.95
560,4294,4425,5,578.47,1.030508,34,17.013824,0.768362,134.715883,130.727684,42,115.694
561,6902,7146,13,549.25,1.035352,307,1.789088,4.29611,79.578383,76.861181,282,42.25
562,4978,5450,2,1164.44,1.094817,127,9.168819,2.330275,233.917236,213.658716,100,582.22
563,2612,2828,40,290.44,1.082695,529,0.549036,18.705799,111.194487,102.701556,181,7.261
564,3835,4162,2,350.7,1.085267,101,3.472277,2.426718,91.447197,84.262374,56,175.35
565,2707,2917,2,574.28,1.077577,79,7.269367,2.708262,212.146287,196.8735,63,287.14
566,5102,5397,4,579.93,1.05782,23,25.214348,0.426163,113.667189,107.454141,32,144.9825
567,5214,5656,16,594.32,1.084772,373,1.593351,6.594767,113.985424,105.077793,253,37.145
568,5570,6022,4,1161.78,1.081149,149,7.797181,2.474261,208.578097,192.922617,112,290.445
569,965,975,20,121.38,1.010363,203,0.597931,20.820513,125.782383,124.492308,79,6.069
570,3797,4183,5,345.91,1.101659,138,2.506594,3.299068,91.100869,82.694239,70,69.182
571,2398,2560,1,575.94,1.067556,72,7.999167,2.8125,240.175146,224.976563,63,575.94
572,3572,3789,1,572.65,1.06075,25,22.906,0.659805,160.316349,151.134864,24,572.65
573,233,235,2,21.75,1.008584,57,0.381579,24.255319,93.347639,92.553191,49,10.875
574,5132,5207,6,501.26,1.014614,107,4.684673,2.054926,97.673422,96.266564,87,83.543333333333
575,870,877,18,54.09,1.008046,212,0.255142,24.173318,62.172414,61.676169,75,3.005
576,3277,3564,3,289.66,1.08758,124,2.335968,3.479237,88.391822,81.27385,70,96.553333333333
577,2580,2752,2,464.73,1.066667,75,6.1964,2.725291,180.127907,168.869913,62,232.365
578,1811,1817,18,116.72,1.003313,231,0.505281,12.713264,64.45058,64.237755,61,6.4844444444444
579,3279,3529,2,301.54,1.076243,134,2.250299,3.79711,91.960964,85.446302,65,150.77
580,1834,1965,1,513.78,1.071429,53,9.693962,2.697201,280.141767,261.465649,46,513.78
581,3101,3290,74,235.94,1.060948,401,0.588379,12.18845,76.085134,71.714286,200,3.1883783783784
582,3419,3657,1,303.91,1.069611,143,2.125245,3.910309,88.888564,83.103637,62,303.91
583,4289,4456,2,500.58,1.038937,64,7.821563,1.436266,116.71252,112.33842,74,250.29
584,3473,3716,4,297.59,1.069968,166,1.792711,4.467169,85.686726,80.083423,84,74.3975
585,2015,2140,1,379,1.062035,32,11.84375,1.495327,188.08933,177.102804,52,379
586,4159,4431,1,305.27,1.0654,165,1.850121,3.723764,73.399856,68.894155,71,305.27
587,2269,2466,1,347.74,1.086822,72,4.829722,2.919708,153.256941,141.013788,73,347.74
588,4172,4478,2,299.08,1.073346,163,1.834847,3.640018,71.68744,66.788745,83,149.54
589,1713,1728,1,198.31,1.008757,10,19.831,0.578704,115.767659,114.762731,11,198.31
590,3745,4086,4,302.92,1.091055,146,2.074795,3.573177,80.886515,74.136074,63,75.73
591,6210,6410,4,500.27,1.032206,34,14.713824,0.530421,80.558776,78.045242,41,125.0675
592,4781,5284,6,346.9,1.105208,186,1.865054,3.520061,72.558042,65.651022,88,57.816666666667
593,8106,8497,8,575.13,1.048236,60,9.5855,0.706132,70.951147,67.686242,60,71.89125
594,4325,5058,1,347.85,1.16948,163,2.134049,3.222618,80.427746,68.772242,79,347.85
595,4235,4814,4,345.49,1.136718,227,1.521982,4.715413,81.579693,71.767761,85,86.3725
596,2284,2474,1,349.48,1.083187,50,6.9896,2.021019,153.012259,141.261116,35,349.48
597,1911,2215,2,341.74,1.159079,80,4.27175,3.611738,178.827839,154.284424,45,170.87
598,672,747,1,1761.47,1.111607,9,195.718889,1.204819,2621.235119,2358.058902,7,1761.47
599,1844,1992,1,342.73,1.08026,55,6.231455,2.761044,185.862256,172.053213,30,342.73
600,421,453,1,1367.07,1.07601,11,124.279091,2.428256,3247.19715,3017.81457,9,1367.07
601,19332,20417,8,89.17,1.056125,9,9.907778,0.044081,4.612559,4.367439,8,11.14625
602,1448,1500,6,276.99,1.035912,29,9.551379,1.933333,191.291436,184.66,27,46.165
603,3403,3652,7,580.45,1.073171,46,12.618478,1.259584,170.570085,158.940307,37,82.921428571429
604,2571,2601,2,334.55,1.011669,20,16.7275,0.768935,130.124465,128.623606,17,167.275
605,8006,8466,6,56.88,1.057457,7,8.125714,0.082684,7.104672,6.718639,9,9.48
606,1720,1749,2,252.28,1.01686,12,21.023333,0.686106,146.674419,144.242424,14,126.14
607,2764,2927,12,493.99,1.058973,46,10.738913,1.571575,178.722865,168.770072,38,41.165833333333
608,241,243,1,23.49,1.008299,15,1.566,6.17284,97.46888,96.666667,5,23.49
609,1135,1231,2,249.89,1.084581,31,8.060968,2.518278,220.167401,202.997563,21,124.945
610,2806,2954,5,507.05,1.052744,40,12.67625,1.354096,180.702067,171.648612,38,101.41
611,2896,3204,2,301.86,1.106354,115,2.62487,3.589263,104.233425,94.213483,60,150.93
612,1469,1585,3,308.36,1.078965,41,7.520976,2.586751,209.911504,194.548896,23,102.78666666667
613,2363,2463,3,503.74,1.042319,17,29.631765,0.690215,213.178163,204.52294,22,167.91333333333
614,3592,3782,5,583.63,1.052895,37,15.773784,0.978318,162.480512,154.317821,45,116.726
615,4091,4642,4,346.57,1.134686,214,1.619486,4.610082,84.715229,74.659629,91,86.6425
616,4671,5223,5,706.7,1.118176,66,10.707576,1.263642,151.295226,135.30538,46,141.34
617,3211,3623,6,344.95,1.128309,233,1.480472,6.431134,107.427593,95.211151,83,57.491666666667
618,945,997,1,223.5,1.055026,25,8.94,2.507523,236.507937,224.172518,20,223.5
619,752,756,3,52.88,1.005319,105,0.503619,13.888889,70.319149,69.94709,20,17.626666666667
620,2197,2378,4,302.07,1.082385,62,4.872097,2.607233,137.492035,127.026913,47,75.5175
621,4558,5035,22,347.03,1.104651,693,0.500765,13.763654,76.136463,68.923535,108,15.774090909091
622,1909,2031,1,298.4,1.063908,48,6.216667,2.363368,156.312205,146.922698,54,298.4
623,1665,1792,1,286.64,1.076276,36,7.962222,2.008929,172.156156,159.955357,31,286.64
624,3275,3312,12,204.24,1.011298,388,0.526392,11.714976,62.363359,61.666667,71,17.02
625,1401,1459,1,255.25,1.041399,34,7.507353,2.330363,182.191292,174.948595,30,255.25
626,2591,2719,10,206.52,1.049402,398,0.518894,14.637734,79.706677,75.954395,75,20.652
627,1658,1784,5,305.43,1.075995,55,5.553273,3.08296,184.215923,171.205157,45,61.086
628,1874,2032,1,308.24,1.084312,45,6.849778,2.214567,164.482391,151.692913,28,308.24
629,298,300,1,32.97,1.006711,1,32.97,0.333333,110.637584,109.9,1,32.97
630,2578,2799,1,306.47,1.085725,35,8.756286,1.250447,118.878976,109.492676,29,306.47
631,1102,1217,3,298.31,1.104356,44,6.779773,3.615448,270.69873,245.119145,28,99.436666666667
632,2099,2296,1,277.69,1.093854,18,15.427222,0.783972,132.296332,120.945122,14,277.69
633,2979,3179,5,313.42,1.067137,47,6.668511,1.478452,105.209802,98.590752,38,62.684
634,382,398,1,111.91,1.041885,24,4.662917,6.030151,292.958115,281.180905,6,111.91
635,3060,3204,16,197.76,1.047059,451,0.438492,14.076155,64.627451,61.722846,89,12.36
636,3166,3422,1,300.74,1.080859,25,12.0296,0.730567,94.990524,87.884278,26,300.74
637,1217,1406,3,349.42,1.1553,79,4.423038,5.618777,287.115859,248.520626,25,116.47333333333
638,3734,3854,11,292.48,1.032137,570,0.513123,14.789829,78.32887,75.889984,93,26.589090909091
639,3279,3573,3,305.06,1.089661,31,9.840645,0.867618,93.034462,85.379233,26,101.68666666667
640,1602,1625,3,357.96,1.014357,81,4.419259,4.984615,223.445693,220.283077,35,119.32
641,1238,1291,14,198.24,1.042811,197,1.006294,15.259489,160.129241,153.555383,38,14.16
642,2430,2619,2,305.15,1.077778,16,19.071875,0.61092,125.576132,116.513937,20,152.575
643,1991,2179,1,304.21,1.094425,19,16.011053,0.87196,152.792567,139.609913,15,304.21
644,3924,4479,2,502.51,1.141437,41,12.256341,0.915383,128.060652,112.192454,39,251.255
645,3674,4014,1,345.7,1.092542,169,2.045562,4.210264,94.093631,86.123568,77,345.7
646,6426,16503,60,825.37,2.568161,76,10.860132,0.460522,128.442266,50.013331,64,13.756166666667
647,758,876,7,59.64,1.155673,9,6.626667,1.027397,78.680739,68.082192,8,8.52
648,4499,5178,2,465.41,1.150922,39,11.93359,0.753187,103.447433,89.882194,36,232.705
649,4518,5085,2,348.17,1.125498,235,1.481574,4.621436,77.06286,68.47001,94,174.085
650,2937,3904,24,223.42,1.329248,27,8.274815,0.691598,76.070821,57.228484,24,9.3091666666667
651,3570,3726,1,510.71,1.043697,20,25.5355,0.536769,143.056022,137.066559,16,510.71
652,3683,4110,2,346.56,1.115938,37,9.366486,0.900243,94.097203,84.321168,36,173.28
653,4369,5113,4,351.17,1.170291,245,1.433347,4.791707,80.377661,68.681792,110,87.7925
654,4413,5139,6,343.76,1.164514,282,1.219007,5.487449,77.897122,66.892392,117,57.293333333333
655,2851,3183,3,511.3,1.11645,140,3.652143,4.398366,179.340582,160.634621,113,170.43333333333
656,38768,44575,286,2083.56,1.149788,400,5.2089,0.897364,53.744325,46.742793,295,7.2851748251748
657,2929,3235,2,502.56,1.104473,96,5.235,2.967543,171.580744,155.35085,79,251.28
658,16436,33405,161,2333.13,2.032429,199,11.724271,0.595719,141.952422,69.843736,166,14.49149068323
659,2823,3232,3,498.24,1.144881,145,3.436138,4.486386,176.493092,154.158416,123,166.08
660,9196,25792,102,1949.93,2.804698,132,14.772197,0.511787,212.041105,75.602125,107,19.116960784314
661,2972,3318,3,483.59,1.11642,133,3.636015,4.008439,162.715343,145.747438,108,161.19666666667
662,7274,21732,83,1282.01,2.987627,107,11.981402,0.492361,176.245532,58.991809,84,15.445903614458
663,4695,4946,1,477.06,1.053461,31,15.389032,0.626769,101.610224,96.4537,25,477.06
664,80432,255745,141,2745.74,3.179642,170,16.151412,0.066472,34.137408,10.736241,141,19.473333333333
665,2403,2762,4,512.75,1.149397,105,4.883333,3.801593,213.379109,185.644461,92,128.1875
666,368,369,1,37.5,1.002717,4,9.375,1.084011,101.902174,101.626016,7,37.5
667,1459,1462,1,115.66,1.002056,5,23.132,0.341997,79.273475,79.110807,18,115.66
668,3343,7522,32,351.37,2.250075,41,8.57,0.545068,105.106192,46.712311,32,10.9803125
669,4014,4298,2,491.49,1.070752,26,18.903462,0.604933,122.443946,114.353188,17,245.745
670,2071,2087,3,203.45,1.007726,18,11.302778,0.862482,98.237566,97.484427,23,67.816666666667
671,7432,7571,7,609.19,1.018703,64,9.518594,0.845331,81.968515,80.463611,100,87.027142857143
672,4160,4484,4,429.29,1.077885,51,8.417451,1.137377,103.194712,95.73818,35,107.3225
673,2663,2696,3,194.22,1.012392,31,6.265161,1.149852,72.932783,72.040059,32,64.74
674,344,348,1,54.6,1.011628,14,3.9,4.022989,158.72093,156.896552,6,54.6
675,9060,9324,8,594.78,1.029139,72,8.260833,0.772201,65.649007,63.790219,112,74.3475
676,2953,3206,2,496.58,1.085676,115,4.318087,3.587024,168.161192,154.89083,32,248.29
677,9148,9379,4,595.12,1.025251,84,7.084762,0.895618,65.054657,63.452394,95,148.78
678,1526,1577,4,66.47,1.033421,155,0.428839,9.828789,43.558322,42.149651,40,16.6175
679,2659,2830,1,301.48,1.06431,17,17.734118,0.600707,113.38097,106.530035,15,301.48
680,2054,2088,2,207.46,1.016553,18,11.525556,0.862069,101.002921,99.358238,20,103.73
681,3425,3695,2,502.15,1.078832,124,4.049597,3.355886,146.613139,135.899865,32,251.075
682,8638,8901,5,606.03,1.030447,99,6.121515,1.112235,70.158602,68.085608,100,121.206
683,3449,3764,13,164.16,1.091331,329,0.498967,8.740701,47.596405,43.613177,98,12.627692307692
684,2773,3119,2,295.02,1.124775,43,6.86093,1.378647,106.390191,94.588009,23,147.51
685,1815,1829,1,200.33,1.007713,12,16.694167,0.656096,110.374656,109.529798,10,200.33
686,3808,4086,4,502.6,1.073004,132,3.807576,3.230543,131.985294,123.005384,26,125.65
687,7481,7481,4,585.06,1,54,10.834444,0.721829,78.206122,78.206122,85,146.265
688,1713,1837,2,69.34,1.072388,184,0.376848,10.016331,40.478692,37.746326,48,34.67
689,2068,2199,4,188.61,1.063346,119,1.584958,5.411551,91.204062,85.770805,54,47.1525
690,1807,1926,3,279.13,1.065855,92,3.034022,4.776739,154.4715,144.92731,83,93.043333333333
691,2313,2336,1,190.67,1.009944,15,12.711333,0.642123,82.434068,81.622432,12,190.67
692,5314,5709,5,579.58,1.074332,233,2.487468,4.081275,109.066616,101.520406,60,115.916
693,9210,9449,2,607.25,1.02595,40,15.18125,0.423325,65.933768,64.26606,74,303.625
694,4055,4141,5,162.2,1.021208,266,0.609774,6.423569,40,39.169283,77,32.44
695,4123,4523,2,287.99,1.097017,197,1.461878,4.355516,69.849624,63.672341,98,143.995
696,3222,3667,5,587.77,1.138113,161,3.650745,4.39051,182.42396,160.286338,170,117.554
697,3568,3984,1,576.8,1.116592,145,3.977931,3.639558,161.659193,144.779116,30,576.8
698,7308,7482,7,574.58,1.02381,63,9.120317,0.842021,78.623426,76.794975,76,82.082857142857
699,6554,6995,24,336.49,1.067287,687,0.489796,9.821301,51.341166,48.10436,228,14.020416666667
700,3938,3939,531,134.68,1.000254,12,11.223333,0.304646,34.200102,34.191419,531,0.25363465160075
701,48416,123392,71,1398.63,2.548579,87,16.076207,0.070507,28.887764,11.334852,73,19.699014084507
702,4620,5134,2,294.77,1.111255,218,1.352156,4.246202,63.80303,57.415271,92,147.385
703,3698,4125,3,581.55,1.115468,115,5.056957,2.787879,157.260681,140.981818,108,193.85
704,4189,4641,3,578.91,1.107902,176,3.289261,3.792286,138.197661,124.738203,39,192.97
705,5822,5958,5,430.9,1.02336,32,13.465625,0.537093,74.012367,72.322927,61,86.18
706,8480,8480,1737,346.45,1,26,13.325,0.306604,40.854953,40.854953,1737,0.19945308002303
707,54544,181540,74,1737.04,3.328322,96,18.094167,0.052881,31.846583,9.56836,74,23.473513513514
708,2279,2610,2,175.73,1.145239,115,1.528087,4.40613,77.108381,67.329502,51,87.865
709,4794,4886,5,510.5,1.019191,71,7.190141,1.453131,106.487276,104.482194,51,102.1
710,5514,5634,6,490.32,1.021763,46,10.65913,0.816471,88.922742,87.028754,49,81.72
711,11892,12074,2302,352.49,1.015304,48,7.343542,0.397548,29.640935,29.194136,2302,0.15312337098175
712,50112,142623,94,1505.5,2.846085,118,12.758475,0.082736,30.042704,10.555801,95,16.015957446809
713,7596,7680,5,510.22,1.011058,92,5.54587,1.197917,67.169563,66.434896,46,102.044
714,8832,9048,6,491.66,1.024457,108,4.552407,1.193634,55.668025,54.33908,71,81.943333333333
715,3687,3733,961,166.38,1.012476,229,0.72655,6.134476,45.126119,44.570051,961,0.17313215400624
716,38256,85577,72,1168.79,2.236956,90,12.986556,0.105168,30.551809,13.657759,75,16.233194444444
717,6116,6271,4,503.38,1.025343,83,6.064819,1.323553,82.305428,80.271089,56,125.845
718,8622,8840,7,501.88,1.025284,83,6.046747,0.938914,58.209232,56.773756,93,71.697142857143
719,16196,34161,42,506.29,2.109224,54,9.375741,0.158075,31.260188,14.820702,42,12.054523809524
720,154,293,1,233.08,1.902597,1,233.08,0.341297,1513.506494,795.494881,1,233.08
721,5498,5674,2,498.06,1.032012,85,5.859529,1.498061,90.589305,87.779344,63,249.03
722,6910,7174,8,493.83,1.038205,85,5.809765,1.184834,71.465991,68.836075,70,61.72875
723,824,1230,2,480.1,1.492718,2,240.05,0.162602,582.645631,390.325203,2,240.05
724,3342,3349,637,269.8,1.002095,122,2.211475,3.642878,80.730102,80.561362,637,0.42354788069074
725,4214,4292,4,445.33,1.01851,60,7.422167,1.39795,105.67869,103.758155,35,111.3325
726,3987,4088,3,457.55,1.025332,47,9.735106,1.149706,114.760472,111.925147,40,152.51666666667
727,10050,10114,2270,725.26,1.006368,84,8.634048,0.830532,72.165174,71.708523,2270,0.31949779735683
728,3140,3220,3,396.57,1.025478,39,10.168462,1.21118,126.296178,123.158385,32,132.19
729,4910,5063,4,385.21,1.031161,47,8.195957,0.928303,78.454175,76.08335,38,96.3025
730,52,52,15,4.89,1,2,2.445,3.846154,94.038462,94.038462,15,0.326
731,1276,1284,234,101.73,1.00627,45,2.260667,3.504673,79.725705,79.228972,234,0.43474358974359
732,6388,6388,1020,363.25,1,93,3.905914,1.455855,56.864433,56.864433,1020,0.35612745098039
733,2392,2710,2,247.82,1.132943,93,2.664731,3.431734,103.603679,91.446494,62,123.91
734,905,912,2,105.23,1.007735,23,4.575217,2.52193,116.276243,115.383772,15,52.615
735,4454,4579,1198,398.11,1.028065,236,1.686907,5.153964,89.382577,86.942564,1198,0.3323121869783
736,8758,8795,1925,549.53,1.004225,151,3.639272,1.716885,62.746061,62.482092,1925,0.28547012987013
737,2564,3057,2,237.98,1.192278,118,2.01678,3.859993,92.815913,77.847563,90,118.99
738,836,839,354,87.21,1.003589,75,1.1628,8.939213,104.318182,103.945173,354,0.24635593220339
739,1659,1765,10,148.31,1.063894,50,2.9662,2.832861,89.397227,84.028329,51,14.831
740,1389,1522,3,119.51,1.095752,81,1.475432,5.321945,86.040317,78.521682,54,39.836666666667
741,1191,1214,1,163.98,1.019312,34,4.822941,2.800659,137.68262,135.074135,33,163.98
742,4295,4370,3,391.95,1.017462,39,10.05,0.892449,91.257276,89.691076,37,130.65
743,4849,4929,3,391.36,1.016498,39,10.034872,0.791236,80.709425,79.399473,51,130.45333333333
744,2019,2039,177,113.03,1.009906,231,0.489307,11.329083,55.98316,55.434036,177,0.63858757062147
745,3187,3580,8,521.68,1.123313,122,4.276066,3.407821,163.689991,145.72067,103,65.21
746,2227,2285,2,254.07,1.026044,30,8.469,1.31291,114.086215,111.190372,23,127.035
747,2782,2849,2,252.12,1.024083,36,7.003333,1.263601,90.625449,88.494208,39,126.06
748,4881,5015,438,264.54,1.027453,586,0.451433,11.684945,54.19791,52.749751,438,0.60397260273973
749,3046,3474,7,507.14,1.140512,135,3.756593,3.88601,166.493762,145.981577,118,72.448571428571
750,2040,2114,2,247.3,1.036275,32,7.728125,1.513718,121.22549,116.982025,25,123.65
751,2428,2507,2,243.89,1.032537,35,6.968286,1.396091,100.448929,97.283606,25,121.945
752,5650,5801,555,287.6,1.026726,775,0.371097,13.359766,50.902655,49.577659,555,0.5181981981982
753,3145,3381,2,501.75,1.07504,75,6.69,2.218279,159.538951,148.402839,77,250.875
754,2867,2912,4,254.63,1.015696,34,7.489118,1.167582,88.814091,87.441621,27,63.6575
755,5134,5465,560,285.69,1.064472,774,0.369109,14.162855,55.646669,52.276304,560,0.51016071428571
756,1514,1624,5,148.22,1.072655,78,1.900256,4.802956,97.899604,91.268473,54,29.644
757,3142,3469,1,173.79,1.104074,94,1.84883,2.709715,55.311903,50.098011,32,173.79
758,2991,3032,4,248.75,1.013708,30,8.291667,0.989446,83.166165,82.041557,27,62.1875
759,2901,2969,3,248.69,1.02344,32,7.771563,1.077804,85.725612,83.76221,31,82.896666666667
760,975,982,96,49.13,1.007179,133,0.369399,13.543788,50.389744,50.03055,96,0.51177083333333
761,3104,3455,5,346.33,1.11308,119,2.910336,3.444284,111.575387,100.240232,85,69.266
762,2859,2903,4,250.76,1.01539,40,6.269,1.377885,87.708989,86.379607,44,62.69
763,2608,2664,1,249.17,1.021472,18,13.842778,0.675676,95.540644,93.532282,22,249.17
764,2726,3229,5,345.13,1.184519,79,4.368734,2.446578,126.60675,106.884484,52,69.026
765,2857,3218,1,501.62,1.126356,83,6.043614,2.579242,175.575779,155.879428,60,501.62
766,3145,3185,5,253.99,1.012719,34,7.470294,1.067504,80.759936,79.745683,28,50.798
767,3309,3393,5,255.41,1.025385,31,8.239032,0.913646,77.186461,75.275567,35,51.082
768,4813,4955,6,567.73,1.029503,52,10.917885,1.049445,117.957615,114.577195,36,94.621666666667
769,2226,2654,6,349.21,1.192273,102,3.423627,3.843255,156.877808,131.578749,62,58.201666666667
770,3804,4575,1,290.69,1.202681,159,1.828239,3.47541,76.41693,63.538798,50,290.69
771,3155,3444,3,486.02,1.091601,72,6.750278,2.090592,154.047544,141.12079,67,162.00666666667
772,2600,2642,2,243.36,1.016154,30,8.112,1.135503,93.6,92.112036,42,121.68
773,560,566,2,47.5,1.010714,13,3.653846,2.29682,84.821429,83.922261,7,23.75
774,1375,1431,8,150.99,1.040727,27,5.592222,1.886792,109.810909,105.513627,14,18.87375
775,2537,2867,2,488.63,1.130075,76,6.429342,2.650855,192.601498,170.432508,63,244.315
776,2259,2327,1,251.89,1.030102,29,8.685862,1.24624,111.505091,108.24667,32,251.89
777,4090,4427,7,295.28,1.082396,112,2.636429,2.52993,72.195599,66.699797,76,42.182857142857
778,2883,2966,8,250.91,1.028789,53,4.734151,1.786918,87.030871,84.595415,33,31.36375
779,2498,2779,5,513.13,1.11249,88,5.831023,3.166607,205.416333,184.645556,67,102.626
780,1749,1808,1,245.87,1.033734,27,9.106296,1.493363,140.577473,135.990044,35,245.87
781,3436,3711,10,293.65,1.080035,131,2.241603,3.530046,85.462747,79.129615,80,29.365
782,2308,2398,4,248.87,1.038995,30,8.295667,1.251043,107.829289,103.782319,33,62.2175
783,614,629,2,58.65,1.02443,35,1.675714,5.564388,95.521173,93.243243,13,29.325
784,790,803,1,58.07,1.016456,14,4.147857,1.743462,73.506329,72.316314,11,58.07
785,1367,1372,2,50.26,1.003658,25,2.0104,1.822157,36.766642,36.632653,23,25.13
786,827,831,5,60.73,1.004837,65,0.934308,7.821901,73.434099,73.080626,52,12.146
787,3050,3373,1,576.95,1.105902,61,9.458197,1.808479,189.163934,171.049511,57,576.95
788,2675,2734,2,250.9,1.022056,30,8.363333,1.097293,93.794393,91.7703,51,125.45
789,3498,3795,9,295.31,1.084906,132,2.237197,3.478261,84.422527,77.815547,74,32.812222222222
790,2912,2985,1,255.91,1.025069,31,8.255161,1.038526,87.881181,85.731993,32,255.91
791,934,964,4,97.4,1.03212,28,3.478571,2.904564,104.282655,101.037344,18,24.35
792,1904,1946,5,98.92,1.022059,26,3.804615,1.336074,51.953782,50.832477,18,19.784
793,2248,2254,5,98.7,1.002669,44,2.243182,1.952085,43.905694,43.78882,38,19.74
794,1356,1386,13,97.67,1.022124,154,0.634221,11.111111,72.028024,70.468975,100,7.5130769230769
795,3282,3368,2,252.26,1.026204,33,7.644242,0.97981,76.86167,74.89905,27,126.13
796,497,505,2,110.84,1.016097,27,4.105185,5.346535,223.018109,219.485149,7,55.42
797,3486,3846,7,296.9,1.10327,88,3.373864,2.288092,85.169248,77.197088,57,42.414285714286
798,3154,3222,1,247.92,1.02156,19,13.048421,0.589696,78.604946,76.945996,36,247.92
799,1677,1730,8,265.97,1.031604,46,5.781957,2.65896,158.598688,153.739884,22,33.24625
800,1099,1166,4,96.05,1.060965,77,1.247403,6.603774,87.397634,82.375643,28,24.0125
801,1294,1338,6,98.13,1.034003,20,4.9065,1.494768,75.834621,73.340807,13,16.355
802,2178,2187,5,99.25,1.004132,44,2.255682,2.011888,45.56933,45.381802,36,19.85
803,1489,1528,4,95.75,1.026192,109,0.87844,7.133508,64.304903,62.663613,82,23.9375
804,3312,3714,1,579.56,1.121377,83,6.982651,2.234787,174.987923,156.047388,84,579.56
805,5280,5564,7,516.91,1.053788,85,6.081294,1.527678,97.899621,92.902588,67,73.844285714286
806,2590,2865,2,474.03,1.106178,100,4.7403,3.490401,183.023166,165.455497,27,237.015
807,3446,3855,9,290.35,1.118688,110,2.639545,2.853437,84.25711,75.317769,67,32.261111111111
808,11564,11790,13,982.45,1.019543,131,7.499618,1.111111,84.957627,83.329092,115,75.573076923077
809,4543,4859,6,642.02,1.069558,60,10.700333,1.234822,141.320713,132.130068,41,107.00333333333
810,2220,2494,7,223.36,1.123423,210,1.063619,8.420209,100.612613,89.558941,54,31.908571428571
811,3357,3475,11,206.61,1.03515,49,4.216531,1.410072,61.546023,59.456115,31,18.782727272727
812,7301,7301,20,325.39,1,129,2.522403,1.766881,44.567867,44.567867,104,16.2695
813,3039,3146,19,230.98,1.035209,268,0.861866,8.518754,76.005265,73.420216,190,12.156842105263
814,3441,4007,4,579.09,1.164487,99,5.849394,2.470676,168.291194,144.519591,119,144.7725
815,4617,4843,1,497.7,1.04895,85,5.855294,1.75511,107.797271,102.76688,50,497.7
816,2625,2919,2,498.03,1.112,122,4.082213,4.179514,189.725714,170.61665,25,249.015
817,3648,4258,9,295.59,1.167215,130,2.273769,3.053077,81.027961,69.419915,64,32.843333333333
818,9534,9901,10,994.83,1.038494,129,7.71186,1.302899,104.3455,100.47773,110,99.483
819,4494,4752,13,641.09,1.05741,59,10.865932,1.241582,142.654651,134.909512,37,49.314615384615
820,2908,3083,10,315.33,1.060179,276,1.1425,8.952319,108.435351,102.280247,73,31.533
821,4011,4214,6,292.09,1.050611,44,6.638409,1.044139,72.822239,69.314191,39,48.681666666667
822,14380,14565,23,455.18,1.012865,211,2.157251,1.448678,31.653686,31.251631,184,19.790434782609
823,4747,5131,29,321.85,1.080893,569,0.565641,11.089456,67.800716,62.726564,360,11.098275862069
824,4261,4456,5,502.15,1.045764,51,9.846078,1.144524,117.847923,112.690754,52,100.43
825,1964,2212,2,492.94,1.126273,97,5.081856,4.385172,250.98778,222.848101,23,246.47
826,1451,1645,7,176.11,1.133701,73,2.412466,4.43769,121.371468,107.057751,44,25.158571428571
827,8978,9366,10,999.16,1.043217,109,9.166606,1.163784,111.28982,106.679479,90,99.916
828,721,746,1,117.84,1.034674,10,11.784,1.340483,163.439667,157.962466,7,117.84
829,358,361,1,49.66,1.00838,9,5.517778,2.493075,138.715084,137.562327,5,49.66
830,1864,1917,7,150.81,1.028433,50,3.0162,2.608242,80.906652,78.669797,28,21.544285714286
831,6308,6444,8,457.61,1.02156,117,3.911197,1.815642,72.544388,71.013346,102,57.20125
832,3264,3434,15,330.86,1.052083,417,0.793429,12.143273,101.366422,96.348282,248,22.057333333333
833,3129,3453,5,493.32,1.103547,82,6.016098,2.374747,157.660594,142.867072,54,98.664
834,863,979,2,295.38,1.134415,51,5.791765,5.209397,342.271147,301.716037,14,147.69
835,7092,7477,7,984.05,1.054287,100,9.8405,1.337435,138.754935,131.610272,84,140.57857142857
836,759,762,5,107.08,1.003953,77,1.390649,10.104987,141.080369,140.524934,54,21.416
837,2079,2086,17,172.61,1.003367,119,1.450504,5.704698,83.025493,82.746884,84,10.153529411765
838,7124,7242,11,956.43,1.016564,112,8.539554,1.546534,134.254632,132.067109,87,86.948181818182
839,8,8,4,0.63,1,0,0,0,78.75,78.75,4,0.1575
840,484,484,2,36.89,1,10,3.689,2.066116,76.219008,76.219008,8,18.445
841,320,320,5,33.14,1,29,1.142759,9.0625,103.5625,103.5625,21,6.628
842,557,557,6,31.29,1,33,0.948182,5.924596,56.175943,56.175943,57,5.215
843,152,152,1,45.09,1,4,11.2725,2.631579,296.644737,296.644737,1,45.09
844,90,91,1,39.32,1.011111,6,6.553333,6.593407,436.888889,432.087912,4,39.32
845,516,516,85,26.97,1,12,2.2475,2.325581,52.267442,52.267442,85,0.31729411764706
846,537,540,207,49.42,1.005587,18,2.745556,3.333333,92.029795,91.518519,207,0.23874396135266
847,3251,3284,9,251.33,1.010151,85,2.956824,2.588307,77.30852,76.531669,74,27.925555555556
848,1684,1812,24,198.56,1.07601,200,0.9928,11.037528,117.909739,109.580574,139,8.2733333333333
849,3121,3141,25,208.47,1.006408,162,1.286852,5.157593,66.795899,66.370583,240,8.3388
850,4158,4366,4,501.86,1.050024,68,7.380294,1.55749,120.697451,114.94732,40,125.465
851,1232,1346,2,366.55,1.092532,47,7.798936,3.491828,297.524351,272.325409,9,183.275
852,10844,11402,6,1004.11,1.051457,171,5.871988,1.499737,92.595906,88.064375,110,167.35166666667
853,730,784,2,138.89,1.073973,19,7.31,2.423469,190.260274,177.155612,15,69.445
854,916,982,11,160.41,1.072052,107,1.499159,10.89613,175.120087,163.350306,64,14.582727272727
855,1052,1115,9,141.53,1.059886,88,1.608295,7.892377,134.534221,126.932735,61,15.725555555556
856,245,250,1,88.89,1.020408,13,6.837692,5.2,362.816327,355.56,11,88.89
857,3978,4131,3,479.31,1.038462,52,9.2175,1.258775,120.490196,116.027596,43,159.77
858,9676,10250,7,984.72,1.059322,148,6.653514,1.443902,101.769326,96.070244,94,140.67428571429
859,6546,7888,1,264.7,1.205011,1,264.7,0.012677,40.436908,33.557302,1,264.7
860,2438,2771,1,501.56,1.136587,68,7.375882,2.453988,205.726005,181.003248,63,501.56
861,4361,4487,8,513.11,1.028892,56,9.162679,1.24805,117.658794,114.354803,58,64.13875
862,9886,10336,6,970.3,1.045519,115,8.437391,1.112616,98.148897,93.875774,111,161.71666666667
863,863,875,2,172.34,1.013905,16,10.77125,1.828571,199.698725,196.96,13,86.17
864,7245,8684,1,251.71,1.19862,3,83.903333,0.034546,34.742581,28.985491,1,251.71
865,3118,3402,4,515.45,1.091084,70,7.363571,2.057613,165.314304,151.513815,64,128.8625
866,4946,5220,2,499.78,1.055398,85,5.879765,1.628352,101.047311,95.743295,65,249.89
867,10656,11282,8,1057.94,1.058746,147,7.196871,1.30296,99.281156,93.772381,89,132.2425
868,3022,3159,4,498.33,1.045334,39,12.777692,1.234568,164.900728,157.749288,29,124.5825
869,4273,4738,15,236.09,1.108823,1,236.09,0.021106,55.25158,49.829042,15,15.739333333333
870,988,1058,1,299.6,1.07085,20,14.98,1.890359,303.238866,283.175803,13,299.6
871,3011,3380,5,515.19,1.122551,76,6.778816,2.248521,171.102624,152.423077,61,103.038
872,4680,4945,5,509.6,1.056624,123,4.143089,2.487361,108.888889,103.053589,66,101.92
873,10728,11647,7,1011.83,1.085664,175,5.781886,1.502533,94.316741,86.874732,98,144.54714285714
874,2723,2860,9,500.18,1.050312,49,10.207755,1.713287,183.68711,174.888112,37,55.575555555556
875,26,26,8,60.02,1,0,0,0,2308.461538,2308.461538,8,7.5025
876,1239,1244,465,144.3,1.004036,6,24.05,0.482315,116.464891,115.996785,465,0.31032258064516
877,742,789,2,316.07,1.063342,22,14.366818,2.78834,425.97035,400.595691,17,158.035
878,2259,2570,1,494.15,1.137672,72,6.863194,2.801556,218.747233,192.276265,57,494.15
879,4129,4325,6,502.19,1.047469,70,7.174143,1.618497,121.625091,116.113295,47,83.698333333333
880,10728,11348,7,977.4,1.057793,129,7.576744,1.136764,91.107383,86.129714,96,139.62857142857
881,2198,2305,6,493.17,1.048681,37,13.328919,1.605206,224.372157,213.956616,30,82.195
882,477,477,222,55.37,1,12,4.614167,2.515723,116.079665,116.079665,222,0.24941441441441
883,60,60,14,6.64,1,1,6.64,1.666667,110.666667,110.666667,14,0.47428571428571
884,96,96,35,8.36,1,0,0,0,87.083333,87.083333,35,0.23885714285714
885,3272,3531,2,546.58,1.079156,95,5.753474,2.690456,167.047677,154.794676,88,273.29
886,4574,4711,3,535.93,1.029952,79,6.783924,1.676926,117.16878,113.761409,69,178.64333333333
887,11856,12275,11,1099.8,1.035341,154,7.141558,1.254582,92.763158,89.596741,147,99.981818181818
888,2857,2954,3,575.2,1.033952,37,15.545946,1.252539,201.330067,194.719025,35,191.73333333333
889,4043,4278,1,526.54,1.058125,75,7.020533,1.753156,130.234974,123.080879,95,526.54
890,4719,4840,3,525.49,1.025641,44,11.942955,0.909091,111.35622,108.572314,45,175.16333333333
891,13407,13549,9,1056.57,1.010591,151,6.997152,1.114473,78.807339,77.981401,165,117.39666666667
892,3802,4024,5,578.75,1.05839,57,10.153509,1.416501,152.222514,143.824553,37,115.75
893,1137,1175,1,327.22,1.033421,8,40.9025,0.680851,287.792436,278.485106,18,327.22
894,571,582,1,616.19,1.019264,7,88.027143,1.202749,1079.141856,1058.745704,5,616.19
895,5144,5458,2,537.07,1.061042,72,7.459306,1.319165,104.407076,98.400513,75,268.535
896,6323,6503,5,544.43,1.028467,83,6.559398,1.276334,86.103116,83.719822,100,108.886
897,15044,15232,13,1086.67,1.012497,170,6.392176,1.116071,72.232784,71.341255,178,83.59
898,1732,1791,8,163.97,1.034065,114,1.438333,6.365159,94.670901,91.552205,61,20.49625
899,5168,5241,9,828.86,1.014125,87,9.527126,1.659989,160.383127,158.149208,52,92.095555555556
900,742,755,1,199.69,1.01752,13,15.360769,1.721854,269.123989,264.490066,16,199.69
901,833,846,1,59.85,1.015606,31,1.930645,3.664303,71.84874,70.744681,14,59.85
902,4760,4916,3,384.69,1.032773,102,3.771471,2.074858,80.817227,78.252644,58,128.23
903,10253,10586,10,756.05,1.032478,153,4.941503,1.445305,73.739393,71.4198,110,75.605
904,3081,3514,3,279.71,1.140539,167,1.67491,4.752419,90.785459,79.598748,104,93.236666666667
905,4559,4981,2,302.15,1.092564,118,2.560593,2.369002,66.275499,60.66051,61,151.075
906,3687,4040,3,524.5,1.095742,92,5.701087,2.277228,142.256577,129.826733,84,174.83333333333
907,6764,7134,4,501.46,1.054701,165,3.039152,2.312868,74.136606,70.291562,66,125.365
908,12320,12977,3,1004.16,1.053328,199,5.04603,1.533482,81.506494,77.37998,109,334.72
909,2946,3425,4,347.12,1.162593,224,1.549643,6.540146,117.827563,101.348905,130,86.78
910,2283,2455,2,287.7,1.075339,28,10.275,1.14053,126.018397,117.189409,23,143.85
911,4499,5020,8,305.25,1.115804,144,2.119792,2.868526,67.848411,60.806773,64,38.15625
912,1693,1770,2,351.58,1.045481,23,15.286087,1.299435,207.666864,198.632768,19,175.79
913,5550,5919,2,474.33,1.066486,95,4.992947,1.605001,85.464865,80.136847,72,237.165
914,5962,6310,2,511.24,1.05837,144,3.550278,2.282092,85.749748,81.020602,53,255.62
915,13456,14298,13,1006.2,1.062574,239,4.210042,1.671562,74.777051,70.373479,149,77.4
916,539,542,2,97.07,1.005566,11,8.824545,2.02952,180.092764,179.095941,4,48.535
917,3377,3777,4,306.09,1.118448,102,3.000882,2.700556,90.639621,81.040508,48,76.5225
918,7672,9064,1,510.89,1.181439,249,2.051767,2.747132,66.591502,56.36474,61,510.89
919,2374,2556,1,506.53,1.076664,43,11.779767,1.682316,213.365628,198.172926,48,506.53
920,3830,4009,7,522.05,1.046736,80,6.525625,1.99551,136.305483,130.219506,74,74.578571428571
921,4629,4816,3,496.76,1.040397,85,5.844235,1.76495,107.314755,103.147841,75,165.58666666667
922,10684,11481,18,990.55,1.074598,158,6.269304,1.376187,92.713403,86.277328,160,55.030555555556
923,3472,3702,2,348.35,1.066244,83,4.196988,2.242031,100.331221,94.097785,55,174.175
924,5060,5990,2,378.75,1.183794,146,2.594178,2.437396,74.851779,63.230384,50,189.375
925,1335,1384,1,375.33,1.036704,19,19.754211,1.372832,281.146067,271.192197,24,375.33
926,3780,4062,1,584.47,1.074603,106,5.513868,2.609552,154.621693,143.887248,89,584.47
927,3642,3787,3,471.69,1.039813,95,4.965158,2.508582,129.514003,124.555057,62,157.23
928,9478,9934,6,959.55,1.048111,156,6.150962,1.570364,101.239713,96.592511,117,159.925
929,1379,1406,2,189.17,1.019579,21,9.008095,1.493599,137.179115,134.544808,32,94.585
930,4608,4881,8,475.01,1.059245,99,4.798081,2.028273,103.083767,97.318173,57,59.37625
931,1523,1635,2,293.28,1.073539,46,6.375652,2.813456,192.567301,179.376147,14,146.64
932,8750,9053,9,942.77,1.034629,90,10.475222,0.994146,107.745143,104.138959,101,104.75222222222
933,4076,4402,4,579.61,1.07998,118,4.911949,2.6806,142.200687,131.669696,82,144.9025
934,5086,5579,4,433.66,1.096933,141,3.075603,2.527335,85.265435,77.730776,54,108.415
935,1273,1349,1,318.33,1.059701,40,7.95825,2.965159,250.062844,235.974796,16,318.33
936,7968,8466,10,828,1.0625,106,7.811321,1.252067,103.915663,97.802977,88,82.8
937,4363,4764,3,583.42,1.091909,101,5.776436,2.120067,133.719917,122.464316,88,194.47333333333
938,344,362,1,205.14,1.052326,9,22.793333,2.486188,596.337209,566.685083,2,205.14
939,3867,3997,2,420.55,1.033618,41,10.257317,1.025769,108.753556,105.216412,35,210.275
940,10404,12085,2,981.28,1.161572,160,6.133,1.323955,94.31757,81.19818,118,490.64
941,2003,2111,3,308.8,1.053919,52,5.938462,2.463288,154.168747,146.281383,18,102.93333333333
942,9306,9465,5,821.68,1.017086,65,12.641231,0.686741,88.295723,86.812467,77,164.336
943,5448,5991,3,577.69,1.09967,101,5.719703,1.685862,106.037078,96.426306,114,192.56333333333
944,612,646,2,317.53,1.055556,8,39.69125,1.23839,518.839869,491.532508,5,158.765
945,5968,6224,5,499.03,1.042895,57,8.754912,0.91581,83.617627,80.178342,72,99.806
946,10600,13022,6,994.23,1.228491,195,5.098615,1.497466,93.795283,76.350023,119,165.705
947,1630,1730,3,293.85,1.06135,48,6.121875,2.774566,180.276074,169.855491,13,97.95
948,12284,12948,12,1009.58,1.054054,96,10.516458,0.741427,82.186584,77.971888,118,84.131666666667
949,610,616,4,123.61,1.009836,19,6.505789,3.084416,202.639344,200.665584,13,30.9025
950,3704,3895,4,582.53,1.051566,91,6.401429,2.336329,157.270518,149.558408,123,145.6325
951,744,802,2,321.67,1.077957,11,29.242727,1.371571,432.352151,401.084788,4,160.835
952,9996,11505,2,775.02,1.15096,166,4.668795,1.442851,77.533013,67.363755,136,387.51
953,1981,2112,2,304.68,1.066128,62,4.914194,2.935606,153.801111,144.261364,22,152.34
954,9408,9924,7,776.05,1.054847,113,6.867699,1.138654,82.488308,78.199315,130,110.86428571429
955,2259,2380,12,507.2,1.053564,63,8.050794,2.647059,224.524126,213.109244,34,42.266666666667
956,805,850,3,313.86,1.055901,16,19.61625,1.882353,389.888199,369.247059,5,104.62
957,5534,5761,2,489.68,1.041019,56,8.744286,0.972053,88.485725,84.999132,66,244.84
958,5436,5789,5,502.78,1.064937,71,7.081408,1.226464,92.490802,86.850924,88,100.556
959,2504,2669,6,488.49,1.065895,44,11.102045,1.648558,195.083866,183.023604,33,81.415
960,5782,5958,1,573.3,1.030439,60,9.555,1.007049,99.152542,96.223565,68,573.3
961,6488,7553,1,517.06,1.164149,99,5.222828,1.310737,79.694821,68.457567,69,517.06
962,2235,2400,2,348.88,1.073826,67,5.207164,2.791667,156.098434,145.366667,16,174.44
963,4909,5091,2,484.85,1.037075,71,6.828873,1.394618,98.76757,95.236692,47,242.425
964,2898,3093,5,573.79,1.067288,45,12.750889,1.454898,197.995169,185.512447,33,114.758
965,1172,1202,1,193.95,1.025597,16,12.121875,1.331115,165.486348,161.356073,15,193.95
966,1019,1076,3,342.25,1.055937,24,14.260417,2.230483,335.868499,318.076208,9,114.08333333333
967,5284,5570,3,572.64,1.054126,79,7.248608,1.418312,108.372445,102.807899,79,190.88
968,1761,1854,2,345.07,1.052811,60,5.751167,3.236246,195.951164,186.121899,18,172.535
969,2890,2966,1,266.99,1.026298,37,7.215946,1.247471,92.384083,90.016858,32,266.99
970,3026,3141,6,578.13,1.038004,43,13.444884,1.368991,191.054197,184.059217,27,96.355
971,3233,3487,5,503.3,1.078565,65,7.743077,1.864067,155.675843,144.336106,61,100.66
972,1169,1269,2,351.2,1.085543,25,14.048,1.970055,300.427716,276.753349,13,175.6
973,4720,5112,5,573.21,1.083051,87,6.588621,1.701878,121.442797,112.130282,90,114.642
974,6652,7539,2,511.04,1.133343,140,3.650286,1.85701,76.825015,67.786179,101,255.52
975,1405,1538,3,350.06,1.094662,51,6.863922,3.315995,249.153025,227.607282,12,116.68666666667
976,4062,4230,3,346.28,1.041359,40,8.657,0.945626,85.248646,81.862884,57,115.42666666667
977,1256,1297,4,132.32,1.032643,70,1.890286,5.39707,105.350318,102.020046,45,33.08
978,3038,3233,8,574.52,1.064187,52,11.048462,1.608413,189.111257,177.704918,32,71.815
979,3690,3968,2,499.26,1.075339,50,9.9852,1.260081,135.300813,125.821573,66,249.63
980,990,1095,2,360.03,1.106061,21,17.144286,1.917808,363.666667,328.794521,8,180.015
981,904,910,1,100.23,1.006637,7,14.318571,0.769231,110.873894,110.142857,14,100.23
982,7010,8555,1,498.55,1.220399,137,3.639051,1.601403,71.119829,58.275862,99,498.55
983,1429,1476,3,344.84,1.03289,44,7.837273,2.98103,241.315605,233.631436,15,114.94666666667
984,3210,3305,6,348.99,1.029595,32,10.905938,0.96823,108.719626,105.594554,32,58.165
985,3512,3803,7,346.41,1.082859,213,1.626338,5.600841,98.636105,91.088614,137,49.487142857143
986,2734,2876,1,579.52,1.051939,41,14.134634,1.425591,211.967813,201.502086,31,579.52
987,3642,3933,5,509.84,1.079901,82,6.217561,2.084922,139.989017,129.631325,86,101.968
988,1215,1254,1,342.62,1.032099,16,21.41375,1.275917,281.99177,273.221691,13,342.62
989,6386,7472,1,512.18,1.17006,135,3.793926,1.806745,80.20357,68.546574,83,512.18
990,3981,4476,8,391.86,1.124341,176,2.226477,3.932082,98.432555,87.546917,161,48.9825
991,3633,4036,7,349.62,1.110928,243,1.438765,6.020813,96.234517,86.625372,144,49.945714285714
992,3734,4203,3,501.43,1.125603,110,4.558455,2.617178,134.287627,119.302879,91,167.14333333333
993,6200,7322,2,493.33,1.180968,145,3.402276,1.980333,79.569355,67.3764,90,246.665
994,4915,6109,22,576.43,1.24293,199,2.896633,3.257489,117.279756,94.357505,171,26.201363636364
995,3105,3806,10,342.1,1.225765,240,1.425417,6.305833,110.177134,89.884393,134,34.21
996,869,888,1,186.66,1.021864,13,14.358462,1.463964,214.798619,210.202703,5,186.66
997,3250,3651,2,492.08,1.123385,79,6.228861,2.163791,151.409231,134.779512,61,246.04
998,5492,6778,1,477.42,1.234159,178,2.682135,2.626143,86.93008,70.436707,92,477.42
999,2027,2141,8,491.21,1.056241,40,12.28025,1.868286,242.333498,229.430173,27,61.40125
1000,3729,4020,4,491.59,1.078037,82,5.995,2.039801,131.828909,122.28607,85,122.8975
1001,3300,3454,4,574.02,1.046667,39,14.718462,1.129126,173.945455,166.189925,32,143.505
1002,4247,4748,1,465.14,1.117966,66,7.047576,1.390059,109.522016,97.965459,78,465.14
1003,3467,3744,11,580.83,1.079896,65,8.935846,1.736111,167.531007,155.136218,43,52.802727272727
1004,2077,2268,2,283.14,1.09196,49,5.778367,2.160494,136.321618,124.84127,62,141.57
1005,801,809,3,185.96,1.009988,23,8.085217,2.843016,232.1598,229.86403,12,61.986666666667
1006,3195,3417,10,505.89,1.069484,76,6.656447,2.224173,158.338028,148.050922,37,50.589
1007,3385,3571,8,488.16,1.054948,51,9.571765,1.428171,144.212703,136.701204,28,61.02
1008,3536,3850,7,488.9,1.088801,69,7.085507,1.792208,138.263575,126.987013,33,69.842857142857
1009,1378,1420,12,144.15,1.030479,74,1.947973,5.211268,104.608128,101.514085,63,12.0125
1010,3355,3555,8,495.79,1.059613,59,8.40322,1.659634,147.776453,139.462729,38,61.97375
1011,1329,1471,2,208.47,1.106847,38,5.486053,2.583277,156.862302,141.719918,28,104.235
1012,3470,3973,6,236.45,1.144957,198,1.194192,4.98364,68.14121,59.514221,103,39.408333333333
1013,3613,3919,5,415.88,1.084694,42,9.901905,1.071702,115.10656,106.118908,30,83.176
1014,1351,1484,1,198.77,1.098446,41,4.848049,2.762803,147.128053,133.942049,23,198.77
1015,5910,6754,14,572.38,1.142809,337,1.698457,4.989636,96.849408,84.746817,198,40.884285714286
1016,1962,2215,6,305.22,1.12895,69,4.423478,3.115124,155.565749,137.79684,58,50.87
1017,1053,1117,2,263.03,1.060779,32,8.219688,2.864816,249.791073,235.478962,13,131.515
1018,1684,1780,1,224.28,1.057007,42,5.34,2.359551,133.182898,126,10,224.28
